W,Record.W.HomeTeam,Record.L.HomeTeam,HomeTeamNumber,OppTeamNumber,Local,OT,Tm.Score,Opp.Score,1stD.Off,TotYd.Off,PassY.Off,RushY.Off,TO.Off,1stD.Def,TotYd.Def,PassY.Def,RushY.Def,TO.Def,W1,W2,W3,W4,W5,W6,W7,W8,W9,W10,W11,W12,W13,W14,W15,W16,W17,Wild Card,Division,Conf. Champ.,Super Bowl,Thu,Sat,Sun,Mon
0,0,1,4,20,1,0,27,32,15,398,370,28,0,22,436,313,123,0,1,0,0,0,0,0,0,0,0,0,0,0,0,0,0,0,0,0,0,0,0,0,0,1,0
0,0,2,4,30,0,0,21,31,19,255,208,47,0,25,474,261,213,1,0,1,0,0,0,0,0,0,0,0,0,0,0,0,0,0,0,0,0,0,0,0,0,1,0
0,0,3,4,10,0,0,15,31,25,356,287,69,5,21,298,208,90,1,0,0,1,0,0,0,0,0,0,0,0,0,0,0,0,0,0,0,0,0,0,0,0,0,1
0,0,4,4,31,1,0,3,24,8,176,121,55,4,24,389,225,164,4,0,0,0,1,0,0,0,0,0,0,0,0,0,0,0,0,0,0,0,0,0,0,0,1,0
0,0,5,4,7,0,0,7,33,11,223,78,145,2,23,442,312,130,1,0,0,0,0,1,0,0,0,0,0,0,0,0,0,0,0,0,0,0,0,0,0,0,1,0
1,1,5,4,23,1,0,17,16,13,311,166,145,0,21,271,187,84,2,0,0,0,0,0,1,0,0,0,0,0,0,0,0,0,0,0,0,0,0,0,0,0,1,0
0,1,6,4,29,0,0,0,9,10,154,50,104,1,17,283,146,137,1,0,0,0,0,0,0,1,0,0,0,0,0,0,0,0,0,0,0,0,0,0,0,0,1,0
0,1,7,4,21,1,0,9,19,14,216,131,85,2,22,434,273,161,1,0,0,0,0,0,0,0,1,0,0,0,0,0,0,0,0,0,0,0,0,0,1,0,0,0
0,1,8,4,3,1,0,9,24,12,243,116,127,0,18,268,146,122,0,0,0,0,0,0,0,0,0,1,0,0,0,0,0,0,0,0,0,0,0,0,0,0,1,0
0,1,9,4,19,0,0,17,34,13,225,171,54,1,23,400,285,115,2,0,0,0,0,0,0,0,0,0,0,1,0,0,0,0,0,0,0,0,0,0,0,0,1,0
1,2,9,4,26,0,0,19,16,13,230,144,86,2,21,364,189,175,4,0,0,0,0,0,0,0,0,0,0,0,1,0,0,0,0,0,0,0,0,0,0,0,1,0
1,3,9,4,25,1,0,29,21,20,362,114,248,0,22,278,213,65,2,0,0,0,0,0,0,0,0,0,0,0,0,1,0,0,0,0,0,0,0,0,0,0,1,0
0,3,10,4,5,1,0,15,20,18,262,141,121,1,18,341,167,174,1,0,0,0,0,0,0,0,0,0,0,0,0,0,1,0,0,0,0,0,0,0,0,0,1,0
0,3,11,4,20,0,0,27,37,19,352,251,101,1,27,415,258,157,1,0,0,0,0,0,0,0,0,0,0,0,0,0,0,1,0,0,0,0,0,0,0,0,1,0
0,3,12,4,31,0,0,35,41,25,361,281,80,0,28,552,346,206,0,0,0,0,0,0,0,0,0,0,0,0,0,0,0,0,1,0,0,0,0,0,0,0,1,0
0,3,13,4,30,1,0,16,47,13,271,183,88,2,22,517,294,223,1,0,0,0,0,0,0,0,0,0,0,0,0,0,0,0,0,1,0,0,0,0,0,0,1,0
1,1,0,21,18,0,0,28,12,18,269,97,172,0,27,345,272,73,3,1,0,0,0,0,0,0,0,0,0,0,0,0,0,0,0,0,0,0,0,0,0,0,1,0
0,1,1,21,5,1,0,16,21,15,421,223,198,4,20,335,191,144,2,0,1,0,0,0,0,0,0,0,0,0,0,0,0,0,0,0,0,0,0,0,0,0,1,0
1,2,1,21,9,0,0,34,14,23,385,174,211,0,17,302,214,88,1,0,0,1,0,0,0,0,0,0,0,0,0,0,0,0,0,0,0,0,0,0,0,0,1,0
0,2,2,21,10,1,0,6,16,15,222,182,40,2,17,269,197,72,0,0,0,0,1,0,0,0,0,0,0,0,0,0,0,0,0,0,0,0,0,0,0,0,1,0
1,3,2,21,31,1,0,28,10,22,490,279,211,1,18,211,147,64,1,0,0,0,0,1,0,0,0,0,0,0,0,0,0,0,0,0,0,0,0,0,0,0,1,0
1,4,2,21,20,0,0,38,20,26,447,325,122,2,19,400,292,108,3,0,0,0,0,0,1,0,0,0,0,0,0,0,0,0,0,0,0,0,0,0,0,0,1,0
1,5,2,21,26,1,0,42,30,32,504,338,166,0,26,433,352,81,1,0,0,0,0,0,0,1,0,0,0,0,0,0,0,0,0,0,0,0,0,0,0,0,1,0
1,6,2,21,4,0,0,19,9,22,434,273,161,1,14,216,131,85,2,0,0,0,0,0,0,0,1,0,0,0,0,0,0,0,0,0,0,0,0,0,1,0,0,0
0,6,3,21,1,1,0,23,26,17,308,212,96,0,17,377,230,147,1,0,0,0,0,0,0,0,0,1,0,0,0,0,0,0,0,0,0,0,0,0,0,0,1,0
1,7,3,21,30,1,0,28,24,27,364,211,153,0,24,443,393,50,1,0,0,0,0,0,0,0,0,0,1,0,0,0,0,0,0,0,0,0,0,0,0,0,1,0
1,8,3,21,32,0,0,27,23,19,321,284,37,2,20,394,270,124,1,0,0,0,0,0,0,0,0,0,0,1,0,0,0,0,0,0,0,0,0,0,0,0,1,0
0,8,4,21,2,1,0,30,37,17,354,276,78,3,24,444,226,218,2,0,0,0,0,0,0,0,0,0,0,0,0,1,0,0,0,0,0,0,0,0,0,0,0,1
1,9,4,21,26,0,0,20,7,22,354,234,120,0,18,231,161,70,2,0,0,0,0,0,0,0,0,0,0,0,0,0,1,0,0,0,0,0,0,0,0,0,1,0
1,10,4,21,11,1,0,39,10,18,344,207,137,1,17,345,283,62,7,0,0,0,0,0,0,0,0,0,0,0,0,0,0,1,0,0,0,0,0,0,0,0,1,0
0,10,5,21,5,0,0,10,23,7,139,82,57,1,22,383,199,184,3,0,0,0,0,0,0,0,0,0,0,0,0,0,0,0,1,0,0,0,0,0,0,0,0,1
0,10,6,21,10,0,0,19,21,14,300,126,174,3,24,337,179,158,1,0,0,0,0,0,0,0,0,0,0,0,0,0,0,0,0,1,0,0,0,0,0,0,1,0
1,11,6,21,12,1,0,26,20,22,362,226,136,1,19,324,227,97,2,0,0,0,0,0,0,0,0,0,0,0,0,0,0,0,0,0,1,0,0,0,0,0,1,0
0,11,7,21,29,1,0,10,27,7,147,126,21,2,21,308,122,186,2,0,0,0,0,0,0,0,0,0,0,0,0,0,0,0,0,0,0,1,0,0,0,1,0,0
1,1,0,16,22,1,0,43,13,21,339,216,123,0,19,346,244,102,3,1,0,0,0,0,0,0,0,0,0,0,0,0,0,0,0,0,0,0,0,0,0,0,1,0
0,1,1,16,24,0,0,17,19,18,243,119,124,0,21,288,121,167,2,0,1,0,0,0,0,0,0,0,0,0,0,0,0,0,0,0,0,0,0,0,0,0,1,0
0,1,2,16,8,1,0,7,20,21,340,249,91,1,12,292,204,88,0,0,0,1,0,0,0,0,0,0,0,0,0,0,0,0,0,0,0,0,0,0,1,0,0,0
1,2,2,16,18,1,0,24,10,22,365,227,138,0,24,422,364,58,1,0,0,0,1,0,0,0,0,0,0,0,0,0,0,0,0,0,0,0,0,0,0,0,1,0
0,2,3,16,3,0,0,7,14,14,252,150,102,0,18,313,204,109,1,0,0,0,0,1,0,0,0,0,0,0,0,0,0,0,0,0,0,0,0,0,0,0,1,0
0,2,4,16,32,1,0,0,16,12,204,165,39,3,11,270,167,103,1,0,0,0,0,0,1,0,0,0,0,0,0,0,0,0,0,0,0,0,0,0,0,0,1,0
1,3,4,16,11,0,0,23,20,22,403,306,97,1,24,365,326,39,1,0,0,0,0,0,0,1,0,0,0,0,0,0,0,0,0,0,0,0,0,0,0,0,1,0
1,4,4,16,28,0,0,27,23,16,246,174,72,1,23,389,283,106,4,0,0,0,0,0,0,0,1,0,0,0,0,0,0,0,0,0,0,0,0,0,0,0,1,0
0,4,5,16,25,1,0,20,30,24,431,310,121,3,22,370,214,156,1,0,0,0,0,0,0,0,0,1,0,0,0,0,0,0,0,0,0,0,0,0,0,0,1,0
1,5,5,16,1,0,0,35,32,19,371,146,225,1,28,530,433,97,1,0,0,0,0,0,0,0,0,0,1,0,0,0,0,0,0,0,0,0,0,0,0,0,1,0
1,6,5,16,8,0,0,42,20,21,471,252,219,2,23,369,252,117,1,0,0,0,0,0,0,0,0,0,0,0,1,0,0,0,0,0,0,0,0,0,0,0,1,0
1,7,5,16,24,1,0,31,17,15,292,138,154,2,22,391,309,82,3,0,0,0,0,0,0,0,0,0,0,0,0,1,0,0,0,0,0,0,0,0,0,0,1,0
1,8,5,16,9,1,0,42,21,26,552,391,161,1,22,355,258,97,1,0,0,0,0,0,0,0,0,0,0,0,0,0,1,0,0,0,0,0,0,0,0,0,1,0
0,8,6,16,17,0,0,21,24,24,432,269,163,1,23,374,234,140,2,0,0,0,0,0,0,0,0,0,0,0,0,0,0,1,0,0,0,0,0,0,0,0,1,0
0,8,7,16,12,0,0,28,38,17,397,248,149,1,23,377,275,102,0,0,0,0,0,0,0,0,0,0,0,0,0,0,0,0,1,0,0,0,0,0,0,0,1,0
1,9,7,16,17,1,0,35,14,25,467,222,245,0,20,301,192,109,1,0,0,0,0,0,0,0,0,0,0,0,0,0,0,0,0,1,0,0,0,0,0,0,1,0
1,10,7,16,7,1,0,20,13,19,272,71,201,1,18,307,209,98,2,0,0,0,0,0,0,0,0,0,0,0,0,0,0,0,0,0,1,0,0,0,0,1,0,0
1,11,7,16,6,1,0,28,12,15,300,83,217,0,29,530,345,185,3,0,0,0,0,0,0,0,0,0,0,0,0,0,0,0,0,0,0,1,0,0,0,1,0,0
0,11,8,16,1,1,0,24,35,20,295,210,85,0,27,404,292,112,0,0,0,0,0,0,0,0,0,0,0,0,0,0,0,0,0,0,0,0,1,0,0,0,1,0
0,0,1,17,12,1,0,28,30,22,414,234,180,1,25,510,362,148,1,1,0,0,0,0,0,0,0,0,0,0,0,0,0,0,0,0,0,0,0,0,0,0,0,1
1,1,1,17,8,0,0,13,12,17,263,137,126,0,16,281,178,103,1,0,1,0,0,0,0,0,0,0,0,0,0,0,0,0,0,0,0,0,0,0,0,0,1,0
1,2,1,17,11,1,0,27,20,20,376,337,39,1,22,366,293,73,1,0,0,1,0,0,0,0,0,0,0,0,0,0,0,0,0,0,0,0,0,0,0,0,1,0
0,2,2,17,25,0,0,10,16,18,264,128,136,2,19,297,203,94,3,0,0,0,1,0,0,0,0,0,0,0,0,0,0,0,0,0,0,0,0,0,0,0,1,0
1,3,2,17,18,0,0,53,32,31,592,426,166,1,22,373,316,57,1,0,0,0,0,1,0,0,0,0,0,0,0,0,0,0,0,0,0,0,0,0,0,0,1,0
1,4,2,17,1,1,0,31,24,35,472,280,192,3,20,309,256,53,2,0,0,0,0,0,1,0,0,0,0,0,0,0,0,0,0,0,0,0,0,0,0,0,1,0
0,4,3,17,24,1,0,23,30,21,391,291,100,2,23,383,321,62,1,0,0,0,0,0,0,1,0,0,0,0,0,0,0,0,0,0,0,0,0,0,0,0,1,0
1,5,3,17,9,0,0,27,24,29,388,258,130,0,15,378,285,93,0,0,0,0,0,0,0,0,1,0,0,0,0,0,0,0,0,0,0,0,0,0,0,0,1,0
1,6,3,17,8,1,0,26,3,21,410,194,216,1,21,356,282,74,4,0,0,0,0,0,0,0,0,1,0,0,0,0,0,0,0,0,0,0,0,0,0,0,1,0
0,6,4,17,6,1,0,7,41,16,232,110,122,2,25,491,235,256,0,0,0,0,0,0,0,0,0,0,0,1,0,0,0,0,0,0,0,0,0,0,0,0,1,0
1,7,4,17,24,0,0,20,17,16,396,297,99,1,19,296,121,175,0,0,0,0,0,0,0,0,0,0,0,0,1,0,0,0,0,0,0,0,0,0,1,0,0,0
1,8,4,17,7,0,0,28,22,16,276,224,52,0,29,448,303,145,1,0,0,0,0,0,0,0,0,0,0,0,0,1,0,0,0,0,0,0,0,0,0,0,1,0
0,8,5,17,32,0,0,24,38,26,414,280,134,3,22,391,301,90,1,0,0,0,0,0,0,0,0,0,0,0,0,0,1,0,0,0,0,0,0,0,0,0,1,0
1,9,5,17,16,1,0,24,21,23,374,234,140,2,24,432,269,163,1,0,0,0,0,0,0,0,0,0,0,0,0,0,0,1,0,0,0,0,0,0,0,0,1,0
1,10,5,17,28,1,0,23,20,15,229,161,68,2,19,435,329,106,5,0,0,0,0,0,0,0,0,0,0,0,0,0,0,0,1,0,0,0,0,0,0,1,0,0
0,10,6,17,16,0,0,14,35,20,301,192,109,1,25,467,222,245,0,0,0,0,0,0,0,0,0,0,0,0,0,0,0,0,0,1,0,0,0,0,0,0,1,0
1,11,6,17,3,0,0,22,19,19,360,219,141,1,24,425,253,172,1,0,0,0,0,0,0,0,0,0,0,0,0,0,0,0,0,0,1,0,0,0,0,1,0,0
0,11,7,17,1,1,0,31,51,23,442,348,94,1,29,434,316,118,1,0,0,0,0,0,0,0,0,0,0,0,0,0,0,0,0,0,0,1,0,0,0,0,1,0
0,0,1,15,7,1,0,3,33,15,308,276,32,1,24,465,366,99,0,1,0,0,0,0,0,0,0,0,0,0,0,0,0,0,0,0,0,0,0,0,0,0,1,0
0,0,2,15,2,0,0,26,28,17,261,180,81,1,25,425,274,151,2,0,1,0,0,0,0,0,0,0,0,0,0,0,0,0,0,0,0,0,0,0,0,0,1,0
0,0,3,15,29,1,0,20,24,11,239,160,79,2,26,436,268,168,5,0,0,1,0,0,0,0,0,0,0,0,0,0,0,0,0,0,0,0,0,0,0,0,1,0
1,1,3,15,27,0,0,27,3,20,326,260,66,1,16,175,102,73,2,0,0,0,1,0,0,0,0,0,0,0,0,0,0,0,0,0,0,0,0,0,0,0,0,1
0,1,4,15,6,0,0,23,26,18,269,192,77,2,22,277,139,138,3,0,0,0,0,1,0,0,0,0,0,0,0,0,0,0,0,0,0,0,0,0,0,0,1,0
1,2,4,15,11,1,0,24,17,18,256,132,124,1,23,348,316,32,3,0,0,0,0,0,1,0,0,0,0,0,0,0,0,0,0,0,0,0,0,0,0,0,1,0
1,3,4,15,23,0,0,27,14,21,394,236,158,1,16,230,170,60,4,0,0,0,0,0,0,0,1,0,0,0,0,0,0,0,0,0,0,0,0,0,0,0,0,1
1,4,4,15,24,0,0,26,24,17,273,183,90,2,22,328,189,139,3,0,0,0,0,0,0,0,0,1,0,0,0,0,0,0,0,0,0,0,0,0,0,0,1,0
1,5,4,15,14,0,0,17,12,15,273,231,42,2,16,306,218,88,4,0,0,0,0,0,0,0,0,0,1,0,0,0,0,0,0,0,0,0,0,0,0,0,1,0
0,5,5,15,22,1,0,7,21,18,236,178,58,4,17,293,189,104,0,0,0,0,0,0,0,0,0,0,0,1,0,0,0,0,0,0,0,0,0,0,1,0,0,0
1,6,5,15,27,1,0,16,10,16,338,179,159,1,11,244,158,86,2,0,0,0,0,0,0,0,0,0,0,0,1,0,0,0,0,0,0,0,0,0,0,0,1,0
1,7,5,15,22,0,0,20,13,18,323,199,124,1,19,279,173,106,2,0,0,0,0,0,0,0,0,0,0,0,0,1,0,0,0,0,0,0,0,0,0,0,1,0
1,8,5,15,13,1,0,23,17,20,275,135,140,2,17,236,165,71,3,0,0,0,0,0,0,0,0,0,0,0,0,0,1,0,0,0,0,0,0,0,0,0,1,0
0,8,6,15,3,0,0,10,17,15,229,178,51,5,17,261,131,130,2,0,0,0,0,0,0,0,0,0,0,0,0,0,0,1,0,0,0,0,0,0,0,0,1,0
0,8,7,15,19,1,0,10,16,16,260,185,75,2,14,259,174,85,1,0,0,0,0,0,0,0,0,0,0,0,0,0,0,0,1,0,0,0,0,0,0,0,1,0
0,8,8,15,6,1,0,10,28,10,168,77,91,2,19,304,81,223,2,0,0,0,0,0,0,0,0,0,0,0,0,0,0,0,0,1,0,0,0,0,0,0,1,0
1,1,0,2,27,0,0,21,20,12,232,160,72,1,22,429,395,34,3,1,0,0,0,0,0,0,0,0,0,0,0,0,0,0,0,0,0,0,0,0,0,0,1,0
1,2,0,2,15,1,0,28,26,25,425,274,151,2,17,261,180,81,1,0,1,0,0,0,0,0,0,0,0,0,0,0,0,0,0,0,0,0,0,0,0,0,1,0
0,2,1,2,12,0,0,27,33,26,514,406,108,1,15,265,177,88,1,0,0,1,0,0,0,0,0,0,0,0,0,0,0,0,0,0,0,0,0,0,0,0,1,0
1,3,1,2,13,1,0,27,10,21,340,225,115,0,20,321,206,115,1,0,0,0,1,0,0,0,0,0,0,0,0,0,0,0,0,0,0,0,0,0,0,0,1,0
1,4,1,2,14,0,0,30,29,25,429,262,167,1,24,477,395,82,2,0,0,0,0,1,0,0,0,0,0,0,0,0,0,0,0,0,0,0,0,0,1,0,0,0
1,5,1,2,22,1,0,32,28,29,454,284,170,1,21,406,249,157,4,0,0,0,0,0,1,0,0,0,0,0,0,0,0,0,0,0,0,0,0,0,0,0,1,0
0,5,2,2,6,0,0,16,30,20,347,241,106,2,14,340,141,199,0,0,0,0,0,0,0,1,0,0,0,0,0,0,0,0,0,0,0,0,0,0,0,0,1,0
1,6,2,2,18,1,0,27,20,18,322,171,151,0,30,510,441,69,3,0,0,0,0,0,0,0,1,0,0,0,0,0,0,0,0,0,0,0,0,0,0,0,1,0
1,7,2,2,28,0,0,40,34,31,492,347,145,1,29,418,319,99,1,0,0,0,0,0,0,0,0,1,0,0,0,0,0,0,0,0,0,0,0,0,0,0,1,0
1,8,2,2,29,1,0,27,24,19,336,189,147,4,21,302,215,87,3,0,0,0,0,0,0,0,0,0,1,0,0,0,0,0,0,0,0,0,0,0,0,0,0,1
1,9,2,2,20,1,0,17,9,14,348,174,174,2,23,344,238,106,5,0,0,0,0,0,0,0,0,0,0,0,1,0,0,0,0,0,0,0,0,0,0,0,1,0
1,10,2,2,21,0,0,37,30,24,444,226,218,2,17,354,276,78,3,0,0,0,0,0,0,0,0,0,0,0,0,1,0,0,0,0,0,0,0,0,0,0,0,1
0,10,3,2,14,1,0,12,28,16,308,202,106,1,26,455,293,162,2,0,0,0,0,0,0,0,0,0,0,0,0,0,1,0,0,0,0,0,0,0,0,0,1,0
1,11,3,2,25,1,0,30,24,21,428,274,154,1,28,414,269,145,3,0,0,0,0,0,0,0,0,0,0,0,0,0,0,1,0,0,0,0,0,0,0,0,1,0
0,11,4,2,13,0,0,13,27,13,224,133,91,1,21,412,159,253,0,0,0,0,0,0,0,0,0,0,0,0,0,0,0,0,1,0,0,0,0,0,0,0,1,0
0,11,5,2,29,0,0,21,26,27,348,223,125,0,18,398,270,128,0,0,0,0,0,0,0,0,0,0,0,0,0,0,0,0,0,1,0,0,0,0,0,0,1,0
1,12,5,2,20,1,0,17,9,16,382,318,64,0,20,282,162,120,0,0,0,0,0,0,0,0,0,0,0,0,0,0,0,0,0,0,1,0,0,0,0,0,1,0
0,12,6,2,5,1,0,23,28,23,375,265,110,0,22,344,235,109,0,0,0,0,0,0,0,0,0,0,0,0,0,0,0,0,0,0,0,1,0,0,0,0,1,0
1,1,0,12,17,0,0,30,28,25,510,362,148,1,22,414,234,180,1,1,0,0,0,0,0,0,0,0,0,0,0,0,0,0,0,0,0,0,0,0,0,0,0,1
0,1,1,12,14,1,0,9,27,15,244,187,57,1,20,380,265,115,1,0,1,0,0,0,0,0,0,0,0,0,0,0,0,0,0,0,0,0,0,0,0,0,1,0
1,2,1,12,2,1,0,33,27,15,265,177,88,1,26,514,406,108,1,0,0,1,0,0,0,0,0,0,0,0,0,0,0,0,0,0,0,0,0,0,0,0,1,0
1,3,1,12,30,0,0,12,10,18,266,149,117,1,15,257,212,45,3,0,0,0,1,0,0,0,0,0,0,0,0,0,0,0,0,0,0,0,0,0,0,0,1,0
1,4,1,12,28,0,0,31,24,25,457,345,112,1,19,252,158,94,0,0,0,0,0,1,0,0,0,0,0,0,0,0,0,0,0,0,0,0,0,0,0,0,1,0
1,5,1,12,8,1,0,13,6,18,326,222,104,0,11,226,151,75,1,0,0,0,0,0,1,0,0,0,0,0,0,0,0,0,0,0,0,0,0,0,0,0,1,0
1,6,1,12,10,1,0,36,25,24,424,273,151,0,16,252,235,17,2,0,0,0,0,0,0,1,0,0,0,0,0,0,0,0,0,0,0,0,0,0,0,0,1,0
1,7,1,12,13,0,0,31,9,28,510,373,137,1,10,237,197,40,0,0,0,0,0,0,0,0,1,0,0,0,0,0,0,0,0,0,0,0,0,0,0,0,1,0
0,7,2,12,18,0,0,9,26,18,310,258,52,0,24,317,174,143,1,0,0,0,0,0,0,0,0,0,1,0,0,0,0,0,0,0,0,0,0,0,0,0,1,0
1,8,2,12,28,1,0,34,17,21,328,219,109,0,21,334,298,36,4,0,0,0,0,0,0,0,0,0,0,1,0,0,0,0,0,0,0,0,0,0,0,0,1,0
1,9,2,12,25,0,0,34,31,23,418,300,118,1,26,351,230,121,1,0,0,0,0,0,0,0,0,0,0,0,1,0,0,0,0,0,0,0,0,0,0,0,1,0
1,10,2,12,18,1,0,26,18,14,279,184,95,0,27,348,259,89,3,0,0,0,0,0,0,0,0,0,0,0,0,1,0,0,0,0,0,0,0,0,1,0,0,0
0,10,3,12,29,0,0,46,48,28,465,349,116,1,25,516,354,162,1,0,0,0,0,0,0,0,0,0,0,0,0,0,1,0,0,0,0,0,0,0,0,0,1,0
1,11,3,12,24,0,0,34,7,27,424,307,117,0,16,205,159,46,0,0,0,0,0,0,0,0,0,0,0,0,0,0,0,1,0,0,0,0,0,0,0,0,0,1
1,12,3,12,16,1,0,38,28,23,377,275,102,0,17,397,248,149,1,0,0,0,0,0,0,0,0,0,0,0,0,0,0,0,1,0,0,0,0,0,0,0,1,0
1,13,3,12,25,1,0,42,10,25,379,264,115,0,16,329,288,41,3,0,0,0,0,0,0,0,0,0,0,0,0,0,0,0,0,1,0,0,0,0,0,0,1,0
0,13,4,12,21,0,0,20,26,19,324,227,97,2,22,362,226,136,1,0,0,0,0,0,0,0,0,0,0,0,0,0,0,0,0,0,1,0,0,0,0,0,1,0
1,1,0,29,28,1,0,31,17,17,256,158,98,2,21,295,174,121,4,1,0,0,0,0,0,0,0,0,0,0,0,0,0,0,0,0,0,0,0,0,0,0,1,0
1,2,0,29,27,1,0,41,17,27,571,312,259,1,14,316,291,25,1,0,1,0,0,0,0,0,0,0,0,0,0,0,0,0,0,0,0,0,0,0,0,0,1,0
1,3,0,29,15,0,0,24,20,26,436,268,168,5,11,239,160,79,2,0,0,1,0,0,0,0,0,0,0,0,0,0,0,0,0,0,0,0,0,0,0,0,1,0
1,4,0,29,22,0,0,31,3,22,446,171,275,0,9,180,78,102,4,0,0,0,0,1,0,0,0,0,0,0,0,0,0,0,0,0,0,0,0,0,0,0,0,1
1,5,0,29,14,1,0,20,7,22,331,232,99,2,10,157,48,109,1,0,0,0,0,0,1,0,0,0,0,0,0,0,0,0,0,0,0,0,0,0,0,0,1,0
1,6,0,29,4,1,0,9,0,17,283,146,137,1,10,154,50,104,1,0,0,0,0,0,0,1,0,0,0,0,0,0,0,0,0,0,0,0,0,0,0,0,1,0
1,7,0,29,25,0,0,51,13,24,388,156,232,1,12,230,100,130,3,0,0,0,0,0,0,0,1,0,0,0,0,0,0,0,0,0,0,0,0,0,0,0,1,0
1,8,0,29,13,1,0,28,25,21,411,310,101,0,19,357,204,153,0,0,0,0,0,0,0,0,0,1,0,0,0,0,0,0,0,0,0,0,0,0,1,0,0,0
0,8,1,29,2,0,0,24,27,21,302,215,87,3,19,336,189,147,4,0,0,0,0,0,0,0,0,0,1,0,0,0,0,0,0,0,0,0,0,0,0,0,0,1
1,9,1,29,13,0,0,36,26,26,442,408,34,2,21,266,131,135,2,0,0,0,0,0,0,0,0,0,0,1,0,0,0,0,0,0,0,0,0,0,0,0,1,0
1,10,1,29,5,0,0,37,8,16,339,227,112,0,19,198,81,117,1,0,0,0,0,0,0,0,0,0,0,0,1,0,0,0,0,0,0,0,0,0,0,0,1,0
0,10,2,29,6,1,0,17,20,15,331,157,174,1,21,283,105,178,1,0,0,0,0,0,0,0,0,0,0,0,0,1,0,0,0,0,0,0,0,0,0,0,1,0
1,11,2,29,12,1,0,48,46,25,516,354,162,1,28,465,349,116,1,0,0,0,0,0,0,0,0,0,0,0,0,0,1,0,0,0,0,0,0,0,0,0,1,0
0,11,3,29,18,0,0,22,29,20,313,193,120,2,20,290,201,89,1,0,0,0,0,0,0,0,0,0,0,0,0,0,0,1,0,0,0,0,0,0,0,0,1,0
1,12,3,29,14,0,0,34,31,19,334,215,119,2,24,395,323,72,1,0,0,0,0,0,0,0,0,0,0,0,0,0,0,0,1,0,0,0,0,0,0,1,0,0
1,13,3,29,2,1,0,26,21,18,398,270,128,0,27,348,223,125,0,0,0,0,0,0,0,0,0,0,0,0,0,0,0,0,0,1,0,0,0,0,0,0,1,0
1,14,3,29,21,0,0,27,10,21,308,122,186,2,7,147,126,21,2,0,0,0,0,0,0,0,0,0,0,0,0,0,0,0,0,0,0,1,0,0,0,1,0,0
1,15,3,29,5,0,0,37,20,19,354,69,285,0,21,358,296,62,3,0,0,0,0,0,0,0,0,0,0,0,0,0,0,0,0,0,0,0,1,0,0,0,1,0
0,15,4,29,1,1,0,20,31,21,351,210,141,2,26,397,268,129,2,0,0,0,0,0,0,0,0,0,0,0,0,0,0,0,0,0,0,0,0,0,0,0,1,0
1,1,0,6,23,1,0,59,10,31,643,378,265,0,12,200,179,21,3,1,0,0,0,0,0,0,0,0,0,0,0,0,0,0,0,0,0,0,0,0,0,0,1,0
1,2,0,6,13,0,0,23,17,26,440,258,182,0,15,349,329,20,0,0,1,0,0,0,0,0,0,0,0,0,0,0,0,0,0,0,0,0,0,0,0,0,1,0
0,2,1,6,1,1,0,28,33,29,452,249,203,0,27,503,363,140,0,0,0,1,0,0,0,0,0,0,0,0,0,0,0,0,0,0,0,0,0,0,0,0,1,0
0,2,2,6,22,0,0,25,40,24,395,222,173,3,22,530,337,193,1,0,0,0,1,0,0,0,0,0,0,0,0,0,0,0,0,0,0,0,0,0,0,0,1,0
1,3,2,6,15,1,0,26,23,22,277,139,138,3,18,269,192,77,2,0,0,0,0,1,0,0,0,0,0,0,0,0,0,0,0,0,0,0,0,0,0,0,1,0
1,4,2,6,27,0,0,23,17,26,497,228,269,1,18,250,217,33,1,0,0,0,0,0,1,0,0,0,0,0,0,0,0,0,0,0,0,0,0,0,0,0,1,0
1,5,2,6,2,1,0,30,16,14,340,141,199,0,20,347,241,106,2,0,0,0,0,0,0,1,0,0,0,0,0,0,0,0,0,0,0,0,0,0,0,0,1,0
1,6,2,6,7,0,0,37,20,26,372,162,210,2,22,342,268,74,2,0,0,0,0,0,0,0,0,1,0,0,0,0,0,0,0,0,0,0,0,0,0,0,1,0
1,7,2,6,27,1,0,49,13,20,379,243,136,1,21,307,150,157,3,0,0,0,0,0,0,0,0,0,1,0,0,0,0,0,0,0,0,0,0,0,0,0,1,0
1,8,2,6,17,0,0,41,7,25,491,235,256,0,16,232,110,122,2,0,0,0,0,0,0,0,0,0,0,1,0,0,0,0,0,0,0,0,0,0,0,0,1,0
1,9,2,6,14,1,0,45,6,31,480,195,285,0,14,221,199,22,2,0,0,0,0,0,0,0,0,0,0,0,1,0,0,0,0,0,0,0,0,0,0,0,0,1
1,10,2,6,29,0,0,20,17,21,283,105,178,1,15,331,157,174,1,0,0,0,0,0,0,0,0,0,0,0,0,1,0,0,0,0,0,0,0,0,0,0,1,0
1,11,2,6,3,1,0,24,17,18,257,139,118,1,16,209,105,104,1,0,0,0,0,0,0,0,0,0,0,0,0,0,1,0,0,0,0,0,0,0,0,0,1,0
1,12,2,6,19,0,0,42,21,23,430,212,218,0,13,310,207,103,2,0,0,0,0,0,0,0,0,0,0,0,0,0,0,1,0,0,0,0,0,0,1,0,0,0
1,13,2,6,22,1,0,31,15,31,481,238,243,1,17,241,184,57,1,0,0,0,0,0,0,0,0,0,0,0,0,0,0,0,1,0,0,0,0,0,0,0,1,0
1,14,2,6,15,0,0,28,10,19,304,81,223,2,10,168,77,91,2,0,0,0,0,0,0,0,0,0,0,0,0,0,0,0,0,1,0,0,0,0,0,0,1,0
0,14,3,6,16,0,0,12,28,29,530,345,185,3,15,300,83,217,0,0,0,0,0,0,0,0,0,0,0,0,0,0,0,0,0,0,0,1,0,0,0,1,0,0
1,1,0,14,25,1,0,30,27,22,349,183,166,1,21,343,216,127,3,1,0,0,0,0,0,0,0,0,0,0,0,0,0,0,0,0,0,0,0,0,0,0,1,0
1,2,0,14,12,0,0,27,9,20,380,265,115,1,15,244,187,57,1,0,1,0,0,0,0,0,0,0,0,0,0,0,0,0,0,0,0,0,0,0,0,0,1,0
1,3,0,14,22,1,0,20,13,20,344,254,90,3,18,270,175,95,1,0,0,1,0,0,0,0,0,0,0,0,0,0,0,0,0,0,0,0,0,0,0,0,1,0
0,3,1,14,28,0,0,40,55,36,518,490,28,4,27,464,376,88,1,0,0,0,1,0,0,0,0,0,0,0,0,0,0,0,0,0,0,0,0,0,0,0,1,0
0,3,2,14,2,1,0,29,30,24,477,395,82,2,25,429,262,167,1,0,0,0,0,1,0,0,0,0,0,0,0,0,0,0,0,0,0,0,0,0,1,0,0,0
0,3,3,14,29,0,0,7,20,10,157,48,109,1,22,331,232,99,2,0,0,0,0,0,1,0,0,0,0,0,0,0,0,0,0,0,0,0,0,0,0,0,1,0
1,4,3,14,18,1,0,37,10,23,381,291,90,0,14,224,186,38,3,0,0,0,0,0,0,1,0,0,0,0,0,0,0,0,0,0,0,0,0,0,0,0,1,0
1,5,3,14,27,0,0,24,10,19,470,372,98,0,24,401,297,104,0,0,0,0,0,0,0,0,1,0,0,0,0,0,0,0,0,0,0,0,0,0,0,0,1,0
0,5,4,14,15,1,0,12,17,16,306,218,88,4,15,273,231,42,2,0,0,0,0,0,0,0,0,0,1,0,0,0,0,0,0,0,0,0,0,0,0,0,1,0
1,6,4,14,10,0,0,17,7,13,283,173,110,2,17,267,193,74,1,0,0,0,0,0,0,0,0,0,0,1,0,0,0,0,0,0,0,0,0,0,0,0,1,0
0,6,5,14,6,0,0,6,45,14,221,199,22,2,31,480,195,285,0,0,0,0,0,0,0,0,0,0,0,0,1,0,0,0,0,0,0,0,0,0,0,0,0,1
1,7,5,14,13,1,0,34,7,27,549,417,132,0,13,198,124,74,1,0,0,0,0,0,0,0,0,0,0,0,0,1,0,0,0,0,0,0,0,0,0,0,1,0
1,8,5,14,2,0,0,28,12,26,455,293,162,2,16,308,202,106,1,0,0,0,0,0,0,0,0,0,0,0,0,0,1,0,0,0,0,0,0,0,0,0,1,0
0,8,6,14,30,1,0,21,44,23,289,267,22,1,25,475,212,263,0,0,0,0,0,0,0,0,0,0,0,0,0,0,0,1,0,0,0,0,0,0,0,0,1,0
0,8,7,14,29,1,0,31,34,24,395,323,72,1,19,334,215,119,2,0,0,0,0,0,0,0,0,0,0,0,0,0,0,0,1,0,0,0,0,0,0,1,0,0
1,9,7,14,13,0,0,31,24,25,424,311,113,0,22,393,322,71,5,0,0,0,0,0,0,0,0,0,0,0,0,0,0,0,0,1,0,0,0,0,0,0,1,0
1,1,0,9,32,0,0,24,16,19,357,259,98,0,18,344,249,95,0,1,0,0,0,0,0,0,0,0,0,0,0,0,0,0,0,0,0,0,0,0,0,0,0,1
0,1,1,9,1,0,0,10,28,19,307,178,129,2,24,467,436,31,1,0,1,0,0,0,0,0,0,0,0,0,0,0,0,0,0,0,0,0,0,0,0,0,1,0
0,1,2,9,21,1,0,14,34,17,302,214,88,1,23,385,174,211,0,0,0,1,0,0,0,0,0,0,0,0,0,0,0,0,0,0,0,0,0,0,0,0,1,0
1,2,2,9,24,1,0,31,24,21,377,189,188,1,22,346,265,81,2,0,0,0,1,0,0,0,0,0,0,0,0,0,0,0,0,0,0,0,0,0,0,0,1,0
1,3,2,9,10,0,0,24,21,25,398,229,169,2,15,236,194,42,2,0,0,0,0,1,0,0,0,0,0,0,0,0,0,0,0,0,0,0,0,0,0,0,1,0
0,3,3,9,5,1,0,24,42,21,484,329,155,2,22,481,421,60,0,0,0,0,0,0,0,1,0,0,0,0,0,0,0,0,0,0,0,0,0,0,0,0,1,0
0,3,4,9,17,1,0,24,27,15,378,285,93,0,29,388,258,130,0,0,0,0,0,0,0,0,1,0,0,0,0,0,0,0,0,0,0,0,0,0,0,0,1,0
1,4,4,9,26,0,0,31,24,25,450,279,171,0,26,473,383,90,2,0,0,0,0,0,0,0,0,1,0,0,0,0,0,0,0,0,0,0,0,0,0,0,1,0
1,5,4,9,11,0,0,26,24,18,278,200,78,0,26,315,169,146,3,0,0,0,0,0,0,0,0,0,1,0,0,0,0,0,0,0,0,0,0,0,1,0,0,0
1,6,4,9,27,0,0,17,10,20,386,273,113,2,16,246,73,173,2,0,0,0,0,0,0,0,0,0,0,1,0,0,0,0,0,0,0,0,0,0,0,0,1,0
0,6,5,9,19,1,0,3,34,10,208,140,68,2,21,401,313,88,1,0,0,0,0,0,0,0,0,0,0,0,1,0,0,0,0,0,0,0,0,0,0,0,1,0
0,6,6,9,1,1,0,9,40,19,332,210,122,3,22,259,163,96,0,0,0,0,0,0,0,0,0,0,0,0,0,1,0,0,0,0,0,0,0,0,0,0,1,0
0,6,7,9,16,0,0,21,42,22,355,258,97,1,26,552,391,161,1,0,0,0,0,0,0,0,0,0,0,0,0,0,1,0,0,0,0,0,0,0,0,0,1,0
0,6,8,9,8,0,0,16,20,27,364,236,128,0,17,262,185,77,0,0,0,0,0,0,0,0,0,0,0,0,0,0,0,1,0,0,0,0,0,0,0,0,1,0
1,7,8,9,11,1,0,24,17,19,366,267,99,0,21,284,265,19,0,0,0,0,0,0,0,0,0,0,0,0,0,0,0,0,1,0,0,0,0,0,0,0,1,0
0,7,9,9,32,1,0,15,16,18,477,380,97,1,16,238,168,70,1,0,0,0,0,0,0,0,0,0,0,0,0,0,0,0,0,1,0,0,0,0,0,0,1,0
1,1,0,7,15,0,0,33,3,24,465,366,99,0,15,308,276,32,1,1,0,0,0,0,0,0,0,0,0,0,0,0,0,0,0,0,0,0,0,0,0,0,1,0
1,2,0,7,23,1,0,43,0,27,379,255,124,1,11,184,142,42,4,0,1,0,0,0,0,0,0,0,0,0,0,0,0,0,0,0,0,0,0,0,0,0,1,0
1,3,0,7,19,0,0,30,14,21,381,313,68,2,6,105,69,36,1,0,0,1,0,0,0,0,0,0,0,0,0,0,0,0,0,0,0,0,0,0,0,0,1,0
1,4,0,7,3,1,0,16,10,11,224,150,74,1,23,375,240,135,4,0,0,0,1,0,0,0,0,0,0,0,0,0,0,0,0,0,0,0,0,0,0,0,1,0
1,5,0,7,4,1,0,33,7,23,442,312,130,1,11,223,78,145,2,0,0,0,0,1,0,0,0,0,0,0,0,0,0,0,0,0,0,0,0,0,0,0,1,0
1,6,0,7,31,0,0,35,14,27,427,313,114,2,10,213,161,52,4,0,0,0,0,0,1,0,0,0,0,0,0,0,0,0,0,0,0,0,0,0,1,0,0,0
1,7,0,7,19,1,0,33,0,22,323,249,74,1,12,154,73,81,6,0,0,0,0,0,0,1,0,0,0,0,0,0,0,0,0,0,0,0,0,0,0,0,0,1
1,8,0,7,22,0,0,27,13,19,318,239,79,0,15,310,151,159,3,0,0,0,0,0,0,0,1,0,0,0,0,0,0,0,0,0,0,0,0,0,0,0,1,0
0,8,1,7,6,1,0,20,37,22,342,268,74,2,26,372,162,210,2,0,0,0,0,0,0,0,0,1,0,0,0,0,0,0,0,0,0,0,0,0,0,0,1,0
1,9,1,7,20,1,0,17,10,19,298,224,74,0,21,255,174,81,1,0,0,0,0,0,0,0,0,0,0,1,0,0,0,0,0,0,0,0,0,0,0,0,1,0
1,10,1,7,30,0,0,13,9,17,282,181,101,0,16,321,212,109,1,0,0,0,0,0,0,0,0,0,0,0,1,0,0,0,0,0,0,0,0,0,0,0,1,0
0,10,2,7,17,1,0,22,28,29,448,303,145,1,16,276,224,52,0,0,0,0,0,0,0,0,0,0,0,0,0,1,0,0,0,0,0,0,0,0,0,0,1,0
0,10,3,7,1,0,0,16,23,17,278,184,94,1,20,346,271,75,2,0,0,0,0,0,0,0,0,0,0,0,0,0,1,0,0,0,0,0,0,0,0,0,1,0
1,11,3,7,27,1,0,34,13,19,291,116,175,0,19,315,151,164,5,0,0,0,0,0,0,0,0,0,0,0,0,0,0,1,0,0,0,0,0,0,0,0,1,0
1,12,3,7,3,0,0,24,17,23,414,271,143,1,14,268,176,92,0,0,0,0,0,0,0,0,0,0,0,0,0,0,0,0,1,0,0,0,0,0,0,1,0,0
0,12,4,7,23,0,0,24,27,18,352,217,135,2,26,389,326,63,0,0,0,0,0,0,0,0,0,0,0,0,0,0,0,0,0,1,0,0,0,0,0,0,1,0
0,12,5,7,16,0,0,13,20,18,307,209,98,2,19,272,71,201,1,0,0,0,0,0,0,0,0,0,0,0,0,0,0,0,0,0,1,0,0,0,0,1,0,0
0,0,1,25,14,0,0,27,30,21,343,216,127,3,22,349,183,166,1,1,0,0,0,0,0,0,0,0,0,0,0,0,0,0,0,0,0,0,0,0,0,0,1,0
0,0,2,25,28,0,0,14,20,20,352,313,39,1,16,289,189,100,0,0,1,0,0,0,0,0,0,0,0,0,0,0,0,0,0,0,0,0,0,0,1,0,0,0
1,1,2,25,13,1,0,38,20,21,413,240,173,1,21,248,127,121,2,0,0,1,0,0,0,0,0,0,0,0,0,0,0,0,0,0,0,0,0,0,0,0,1,0
1,2,2,25,17,1,0,16,10,19,297,203,94,3,18,264,128,136,2,0,0,0,1,0,0,0,0,0,0,0,0,0,0,0,0,0,0,0,0,0,0,0,1,0
1,3,2,25,8,0,0,34,27,22,445,160,285,0,28,507,358,149,3,0,0,0,0,1,0,0,0,0,0,0,0,0,0,0,0,0,0,0,0,0,0,0,1,0
1,4,2,25,28,1,0,37,26,17,268,209,59,1,23,407,365,42,7,0,0,0,0,0,1,0,0,0,0,0,0,0,0,0,0,0,0,0,0,0,0,0,1,0
0,4,3,25,29,1,0,13,51,12,230,100,130,3,24,388,156,232,1,0,0,0,0,0,0,0,1,0,0,0,0,0,0,0,0,0,0,0,0,0,0,0,1,0
1,5,3,25,16,0,0,30,20,22,370,214,156,1,24,431,310,121,3,0,0,0,0,0,0,0,0,1,0,0,0,0,0,0,0,0,0,0,0,0,0,0,1,0
0,5,4,25,5,1,0,16,24,26,401,281,120,2,23,388,225,163,0,0,0,0,0,0,0,0,0,0,1,0,0,0,0,0,0,0,0,0,0,0,0,0,1,0
0,5,5,25,18,0,0,3,29,17,347,270,77,4,20,349,295,54,0,0,0,0,0,0,0,0,0,0,0,1,0,0,0,0,0,0,0,0,0,0,0,0,1,0
0,5,6,25,12,1,0,31,34,26,351,230,121,1,23,418,300,118,1,0,0,0,0,0,0,0,0,0,0,0,1,0,0,0,0,0,0,0,0,0,0,0,1,0
0,5,7,25,4,0,0,21,29,22,278,213,65,2,20,362,114,248,0,0,0,0,0,0,0,0,0,0,0,0,0,1,0,0,0,0,0,0,0,0,0,0,1,0
0,5,8,25,18,1,0,20,40,27,345,245,100,4,22,461,302,159,0,0,0,0,0,0,0,0,0,0,0,0,0,0,1,0,0,0,0,0,0,0,0,0,1,0
0,5,9,25,2,0,0,24,30,28,414,269,145,3,21,428,274,154,1,0,0,0,0,0,0,0,0,0,0,0,0,0,0,1,0,0,0,0,0,0,0,0,1,0
0,5,10,25,24,1,0,6,38,19,286,199,87,3,25,324,106,218,0,0,0,0,0,0,0,0,0,0,0,0,0,0,0,0,1,0,0,0,0,0,0,0,1,0
0,5,11,25,12,0,0,10,42,16,329,288,41,3,25,379,264,115,0,0,0,0,0,0,0,0,0,0,0,0,0,0,0,0,0,1,0,0,0,0,0,0,1,0
0,0,0,26,13,1,0,27,27,23,477,361,116,2,21,387,275,112,1,1,0,0,0,0,0,0,0,0,0,0,0,0,0,0,0,0,0,0,0,0,0,0,1,0
1,1,0,26,11,0,0,13,10,19,339,245,94,2,21,424,287,137,2,0,1,0,0,0,0,0,0,0,0,0,0,0,0,0,0,0,0,0,0,0,0,0,1,0
1,2,0,26,20,1,0,27,24,16,287,201,86,0,22,373,246,127,2,0,0,1,0,0,0,0,0,0,0,0,0,0,0,0,0,0,0,0,0,0,0,0,1,0
0,2,1,26,1,0,0,30,34,29,447,261,186,2,29,438,315,123,3,0,0,0,1,0,0,0,0,0,0,0,0,0,0,0,0,0,0,0,0,0,0,0,1,0
0,2,2,26,5,1,0,22,23,13,299,243,56,0,22,447,277,170,3,0,0,0,0,0,1,0,0,0,0,0,0,0,0,0,0,0,0,0,0,0,0,0,0,1
0,2,3,26,21,0,0,30,42,26,433,352,81,1,32,504,338,166,0,0,0,0,0,0,0,1,0,0,0,0,0,0,0,0,0,0,0,0,0,0,0,0,1,0
1,3,3,26,31,0,0,31,26,17,375,316,59,2,24,370,290,80,1,0,0,0,0,0,0,0,1,0,0,0,0,0,0,0,0,0,0,0,0,0,0,0,1,0
0,3,4,26,9,1,0,24,31,26,473,383,90,2,25,450,279,171,0,0,0,0,0,0,0,0,0,1,0,0,0,0,0,0,0,0,0,0,0,0,0,0,1,0
0,3,5,26,10,1,0,13,20,21,357,259,98,1,13,226,145,81,0,0,0,0,0,0,0,0,0,0,1,0,0,0,0,0,0,0,0,0,0,0,0,0,1,0
0,3,6,26,30,0,0,27,35,19,312,191,121,0,26,509,434,75,1,0,0,0,0,0,0,0,0,0,0,1,0,0,0,0,0,0,0,0,0,0,0,0,1,0
0,3,7,26,4,1,0,16,19,21,364,189,175,4,13,230,144,86,2,0,0,0,0,0,0,0,0,0,0,0,1,0,0,0,0,0,0,0,0,0,0,0,1,0
0,3,8,26,10,0,0,20,24,19,364,259,105,1,22,419,331,88,1,0,0,0,0,0,0,0,0,0,0,0,0,1,0,0,0,0,0,0,0,0,1,0,0,0
0,3,9,26,21,1,0,7,20,18,231,161,70,2,22,354,234,120,0,0,0,0,0,0,0,0,0,0,0,0,0,0,1,0,0,0,0,0,0,0,0,0,1,0
0,3,10,26,28,0,0,17,38,16,295,250,45,3,23,495,446,49,1,0,0,0,0,0,0,0,0,0,0,0,0,0,0,1,0,0,0,0,0,0,0,0,1,0
0,3,11,26,32,1,0,17,27,13,191,95,96,0,25,348,198,150,0,0,0,0,0,0,0,0,0,0,0,0,0,0,0,0,1,0,0,0,0,0,0,0,1,0
0,3,12,26,5,0,0,20,23,17,305,134,171,1,25,432,312,120,1,0,0,0,0,0,0,0,0,0,0,0,0,0,0,0,0,1,0,0,0,0,0,0,1,0
0,0,1,8,1,0,0,26,40,18,428,347,81,2,24,491,378,113,0,1,0,0,0,0,0,0,0,0,0,0,0,0,0,0,0,0,0,0,0,0,0,0,1,0
0,0,2,8,17,1,0,12,13,16,281,178,103,1,17,263,137,126,0,0,1,0,0,0,0,0,0,0,0,0,0,0,0,0,0,0,0,0,0,0,0,0,1,0
1,1,2,8,16,0,0,20,7,12,292,204,88,0,21,340,249,91,1,0,0,1,0,0,0,0,0,0,0,0,0,0,0,0,0,0,0,0,0,0,1,0,0,0
1,2,2,8,32,1,0,26,24,25,455,186,269,0,19,371,303,68,1,0,0,0,1,0,0,0,0,0,0,0,0,0,0,0,0,0,0,0,0,0,0,0,1,0
0,2,3,8,25,1,0,27,34,28,507,358,149,3,22,445,160,285,0,0,0,0,0,1,0,0,0,0,0,0,0,0,0,0,0,0,0,0,0,0,0,0,1,0
0,2,4,8,12,0,0,6,13,11,226,151,75,1,18,326,222,104,0,0,0,0,0,0,1,0,0,0,0,0,0,0,0,0,0,0,0,0,0,0,0,0,1,0
1,3,4,8,27,1,0,27,17,22,460,244,216,0,21,291,258,33,4,0,0,0,0,0,0,1,0,0,0,0,0,0,0,0,0,0,0,0,0,0,0,0,1,0
1,4,4,8,19,0,0,29,15,21,389,278,111,1,15,213,167,46,3,0,0,0,0,0,0,0,1,0,0,0,0,0,0,0,0,0,0,0,0,0,0,0,1,0
0,4,5,8,17,0,0,3,26,21,356,282,74,4,21,410,194,216,1,0,0,0,0,0,0,0,0,1,0,0,0,0,0,0,0,0,0,0,0,0,0,0,1,0
0,4,6,8,24,1,0,13,33,15,308,279,29,1,23,389,125,264,2,0,0,0,0,0,0,0,0,0,0,1,0,0,0,0,0,0,0,0,0,0,0,0,1,0
0,4,7,8,16,1,0,20,42,23,369,252,117,1,21,471,252,219,2,0,0,0,0,0,0,0,0,0,0,0,1,0,0,0,0,0,0,0,0,0,0,0,1,0
0,4,8,8,28,0,0,11,28,14,242,193,49,4,19,315,241,74,1,0,0,0,0,0,0,0,0,0,0,0,0,1,0,0,0,0,0,0,0,0,0,0,1,0
0,4,9,8,11,0,0,10,45,15,252,164,88,0,27,525,330,195,0,0,0,0,0,0,0,0,0,0,0,0,0,0,1,0,0,0,0,0,0,0,0,0,1,0
1,5,9,8,9,1,0,20,16,17,262,185,77,0,27,364,236,128,0,0,0,0,0,0,0,0,0,0,0,0,0,0,0,1,0,0,0,0,0,0,0,0,1,0
0,5,10,8,18,1,0,12,24,17,288,173,115,1,28,518,383,135,2,0,0,0,0,0,0,0,0,0,0,0,0,0,0,0,1,0,0,0,0,0,0,0,1,0
1,6,10,8,24,0,0,38,20,23,353,286,67,1,17,275,143,132,2,0,0,0,0,0,0,0,0,0,0,0,0,0,0,0,0,1,0,0,0,0,0,0,1,0
0,0,1,19,3,0,0,16,17,17,223,155,68,1,23,370,242,128,4,1,0,0,0,0,0,0,0,0,0,0,0,0,0,0,0,0,0,0,0,0,0,0,1,0
0,0,2,19,22,0,0,3,23,13,262,169,93,1,16,375,305,70,1,0,1,0,0,0,0,0,0,0,0,0,0,0,0,0,0,0,0,0,0,0,0,0,0,1
0,0,3,19,7,1,0,14,30,6,105,69,36,1,21,381,313,68,2,0,0,1,0,0,0,0,0,0,0,0,0,0,0,0,0,0,0,0,0,0,0,0,1,0
0,0,4,19,20,1,0,6,31,9,128,61,67,3,17,265,181,84,1,0,0,0,0,1,0,0,0,0,0,0,0,0,0,0,0,0,0,0,0,0,0,0,1,0
1,1,4,19,30,0,0,24,22,20,382,326,56,1,26,399,270,129,0,0,0,0,0,0,1,0,0,0,0,0,0,0,0,0,0,0,0,0,0,0,0,0,1,0
0,1,5,19,7,0,0,0,33,12,154,73,81,6,22,323,249,74,1,0,0,0,0,0,0,1,0,0,0,0,0,0,0,0,0,0,0,0,0,0,0,0,0,1
0,1,6,19,8,1,0,15,29,15,213,167,46,3,21,389,278,111,1,0,0,0,0,0,0,0,1,0,0,0,0,0,0,0,0,0,0,0,0,0,0,0,1,0
0,1,7,19,23,1,0,18,26,17,321,238,83,1,22,316,266,50,0,0,0,0,0,0,0,0,0,1,0,0,0,0,0,0,0,0,0,0,0,0,0,0,1,0
1,2,7,19,31,0,0,34,27,18,294,218,76,0,15,281,258,23,2,0,0,0,0,0,0,0,0,0,1,0,0,0,0,0,0,0,0,0,0,0,0,0,1,0
1,3,7,19,4,1,0,34,17,23,400,285,115,2,13,225,171,54,1,0,0,0,0,0,0,0,0,0,0,1,0,0,0,0,0,0,0,0,0,0,0,0,1,0
1,4,7,19,9,0,0,34,3,21,401,313,88,1,10,208,140,68,2,0,0,0,0,0,0,0,0,0,0,0,1,0,0,0,0,0,0,0,0,0,0,0,1,0
0,4,8,19,27,1,0,6,22,15,271,209,62,0,18,277,233,44,0,0,0,0,0,0,0,0,0,0,0,0,0,1,0,0,0,0,0,0,0,0,0,0,1,0
1,5,8,19,23,0,0,22,21,22,374,262,112,1,22,362,240,122,1,0,0,0,0,0,0,0,0,0,0,0,0,0,1,0,0,0,0,0,0,0,0,0,1,0
0,5,9,19,6,1,0,21,42,13,310,207,103,2,23,430,212,218,0,0,0,0,0,0,0,0,0,0,0,0,0,0,0,1,0,0,0,0,0,0,1,0,0,0
1,6,9,19,15,0,0,16,10,14,259,174,85,1,16,260,185,75,2,0,0,0,0,0,0,0,0,0,0,0,0,0,0,0,1,0,0,0,0,0,0,0,1,0
1,7,9,19,3,1,0,13,6,18,271,185,86,1,17,309,236,73,3,0,0,0,0,0,0,0,0,0,0,0,0,0,0,0,0,1,0,0,0,0,0,0,1,0
0,0,1,31,30,1,0,17,35,25,470,319,151,2,23,494,405,89,0,1,0,0,0,0,0,0,0,0,0,0,0,0,0,0,0,0,0,0,0,0,0,0,1,0
0,0,2,31,3,0,0,14,28,21,370,241,129,2,24,388,237,151,0,0,1,0,0,0,0,0,0,0,0,0,0,0,0,0,0,0,0,0,0,0,0,0,1,0
1,1,2,31,28,1,0,32,31,17,384,312,72,2,24,499,355,144,1,0,0,1,0,0,0,0,0,0,0,0,0,0,0,0,0,0,0,0,0,0,0,0,1,0
1,2,2,31,4,0,0,24,3,24,389,225,164,4,8,176,121,55,4,0,0,0,1,0,0,0,0,0,0,0,0,0,0,0,0,0,0,0,0,0,0,0,1,0
0,2,3,31,21,0,0,10,28,18,211,147,64,1,22,490,279,211,1,0,0,0,0,1,0,0,0,0,0,0,0,0,0,0,0,0,0,0,0,0,0,0,1,0
0,2,4,31,7,1,0,14,35,10,213,161,52,4,27,427,313,114,2,0,0,0,0,0,1,0,0,0,0,0,0,0,0,0,0,0,0,0,0,0,1,0,0,0
0,2,5,31,13,0,0,21,27,21,263,156,107,3,18,245,89,156,0,0,0,0,0,0,0,1,0,0,0,0,0,0,0,0,0,0,0,0,0,0,0,0,1,0
0,2,6,31,26,1,0,26,31,24,370,290,80,1,17,375,316,59,2,0,0,0,0,0,0,0,1,0,0,0,0,0,0,0,0,0,0,0,0,0,0,0,1,0
0,2,7,31,30,0,0,18,37,20,271,171,100,3,24,429,257,172,2,0,0,0,0,0,0,0,0,1,0,0,0,0,0,0,0,0,0,0,0,0,0,0,0,1
0,2,8,31,19,1,0,27,34,15,281,258,23,2,18,294,218,76,0,0,0,0,0,0,0,0,0,0,1,0,0,0,0,0,0,0,0,0,0,0,0,0,1,0
0,2,9,31,10,1,0,14,19,14,243,134,109,1,20,335,270,65,2,0,0,0,0,0,0,0,0,0,0,0,1,0,0,0,0,0,0,0,0,0,0,0,1,0
0,2,10,31,5,0,0,13,31,20,335,240,95,3,19,322,243,79,0,0,0,0,0,0,0,0,0,0,0,0,0,1,0,0,0,0,0,0,0,0,0,0,1,0
0,2,11,31,20,1,0,17,23,11,255,182,73,0,27,418,300,118,1,0,0,0,0,0,0,0,0,0,0,0,0,0,1,0,0,0,0,0,0,0,0,0,0,1
1,3,11,31,23,0,0,36,20,24,412,274,138,3,22,384,262,122,1,0,0,0,0,0,0,0,0,0,0,0,0,0,0,1,0,0,0,0,0,0,0,0,1,0
1,4,11,31,4,1,0,41,35,28,552,346,206,0,25,361,281,80,0,0,0,0,0,0,0,0,0,0,0,0,0,0,0,0,1,0,0,0,0,0,0,0,1,0
0,4,12,31,20,0,0,17,34,19,397,275,122,2,25,400,279,121,0,0,0,0,0,0,0,0,0,0,0,0,0,0,0,0,0,1,0,0,0,0,0,0,1,0
1,1,0,5,10,1,0,10,3,13,213,166,47,0,16,254,208,46,1,1,0,0,0,0,0,0,0,0,0,0,0,0,0,0,0,0,0,0,0,0,1,0,0,0
1,2,0,5,21,0,0,21,16,20,335,191,144,2,15,421,223,198,4,0,1,0,0,0,0,0,0,0,0,0,0,0,0,0,0,0,0,0,0,0,0,0,1,0
1,3,0,5,32,0,0,27,16,16,312,235,77,0,20,310,161,149,3,0,0,1,0,0,0,0,0,0,0,0,0,0,0,0,0,0,0,0,0,0,0,0,1,0
0,3,1,5,20,0,0,27,34,31,491,414,77,2,24,336,160,176,0,0,0,0,1,0,0,0,0,0,0,0,0,0,0,0,0,0,0,0,0,0,1,0,0,0
1,4,1,5,30,1,0,34,24,24,335,215,120,0,32,563,441,122,3,0,0,0,0,1,0,0,0,0,0,0,0,0,0,0,0,0,0,0,0,0,0,0,1,0
1,5,1,5,26,0,0,23,22,22,447,277,170,3,13,299,243,56,0,0,0,0,0,0,1,0,0,0,0,0,0,0,0,0,0,0,0,0,0,0,0,0,0,1
1,6,1,5,9,0,0,42,24,22,481,421,60,0,21,484,329,155,2,0,0,0,0,0,0,1,0,0,0,0,0,0,0,0,0,0,0,0,0,0,0,0,1,0
1,7,1,5,1,1,0,31,24,21,374,256,118,0,21,337,249,88,1,0,0,0,0,0,0,0,1,0,0,0,0,0,0,0,0,0,0,0,0,0,0,0,1,0
0,7,2,5,11,1,0,11,26,13,184,139,45,0,24,442,283,159,0,0,0,0,0,0,0,0,0,1,0,0,0,0,0,0,0,0,0,0,0,0,0,0,1,0
1,8,2,5,25,0,0,24,16,23,388,225,163,0,26,401,281,120,2,0,0,0,0,0,0,0,0,0,1,0,0,0,0,0,0,0,0,0,0,0,0,0,1,0
0,8,3,5,29,1,0,8,37,19,198,81,117,1,16,339,227,112,0,0,0,0,0,0,0,0,0,0,0,0,1,0,0,0,0,0,0,0,0,0,0,0,1,0
1,9,3,5,31,1,0,31,13,19,322,243,79,0,20,335,240,95,3,0,0,0,0,0,0,0,0,0,0,0,0,1,0,0,0,0,0,0,0,0,0,0,1,0
1,10,3,5,4,0,0,20,15,18,341,167,174,1,18,262,141,121,1,0,0,0,0,0,0,0,0,0,0,0,0,0,1,0,0,0,0,0,0,0,0,0,1,0
1,11,3,5,10,0,0,21,13,12,292,192,100,0,20,415,319,96,3,0,0,0,0,0,0,0,0,0,0,0,0,0,0,1,0,0,0,0,0,0,0,0,1,0
1,12,3,5,21,1,0,23,10,22,383,199,184,3,7,139,82,57,1,0,0,0,0,0,0,0,0,0,0,0,0,0,0,0,1,0,0,0,0,0,0,0,0,1
1,13,3,5,26,1,0,23,20,25,432,312,120,1,17,305,134,171,1,0,0,0,0,0,0,0,0,0,0,0,0,0,0,0,0,1,0,0,0,0,0,0,1,0
1,14,3,5,2,0,0,28,23,22,344,235,109,0,23,375,265,110,0,0,0,0,0,0,0,0,0,0,0,0,0,0,0,0,0,0,0,1,0,0,0,0,1,0
0,14,4,5,29,1,0,20,37,21,358,296,62,3,19,354,69,285,0,0,0,0,0,0,0,0,0,0,0,0,0,0,0,0,0,0,0,0,1,0,0,0,1,0
0,0,1,18,21,1,0,12,28,27,345,272,73,3,18,269,97,172,0,1,0,0,0,0,0,0,0,0,0,0,0,0,0,0,0,0,0,0,0,0,0,0,1,0
1,1,1,18,20,0,0,24,20,19,367,310,57,3,18,286,237,49,3,0,1,0,0,0,0,0,0,0,0,0,0,0,0,0,0,0,0,0,0,0,0,0,1,0
0,1,2,18,24,1,0,24,27,25,397,304,93,1,29,379,300,79,0,0,0,1,0,0,0,0,0,0,0,0,0,0,0,0,0,0,0,0,0,0,0,0,1,0
0,1,3,18,16,0,0,10,24,24,422,364,58,1,22,365,227,138,0,0,0,0,1,0,0,0,0,0,0,0,0,0,0,0,0,0,0,0,0,0,0,0,1,0
0,1,4,18,17,1,0,32,53,22,373,316,57,1,31,592,426,166,1,0,0,0,0,1,0,0,0,0,0,0,0,0,0,0,0,0,0,0,0,0,0,0,1,0
0,1,5,18,13,1,0,33,34,31,444,341,103,0,24,442,340,102,0,0,0,0,0,0,1,0,0,0,0,0,0,0,0,0,0,0,0,0,0,0,0,0,1,0
0,1,6,18,14,0,0,10,37,14,224,186,38,3,23,381,291,90,0,0,0,0,0,0,0,1,0,0,0,0,0,0,0,0,0,0,0,0,0,0,0,0,1,0
0,1,7,18,2,0,0,20,27,30,510,441,69,3,18,322,171,151,0,0,0,0,0,0,0,0,1,0,0,0,0,0,0,0,0,0,0,0,0,0,0,0,1,0
1,2,7,18,12,1,0,26,9,24,317,174,143,1,18,310,258,52,0,0,0,0,0,0,0,0,0,0,1,0,0,0,0,0,0,0,0,0,0,0,0,0,1,0
1,3,7,18,25,1,0,29,3,20,349,295,54,0,17,347,270,77,4,0,0,0,0,0,0,0,0,0,0,1,0,0,0,0,0,0,0,0,0,0,0,0,1,0
0,3,8,18,28,0,0,22,35,22,337,280,57,2,20,446,313,133,2,0,0,0,0,0,0,0,0,0,0,0,1,0,0,0,0,0,0,0,0,0,0,0,1,0
0,3,9,18,12,0,0,18,26,27,348,259,89,3,14,279,184,95,0,0,0,0,0,0,0,0,0,0,0,0,0,1,0,0,0,0,0,0,0,0,1,0,0,0
1,4,9,18,25,0,0,40,20,22,461,302,159,0,27,345,245,100,4,0,0,0,0,0,0,0,0,0,0,0,0,0,1,0,0,0,0,0,0,0,0,0,1,0
1,5,9,18,29,1,0,29,22,20,290,201,89,1,20,313,193,120,2,0,0,0,0,0,0,0,0,0,0,0,0,0,0,1,0,0,0,0,0,0,0,0,1,0
1,6,9,18,8,0,0,24,12,28,518,383,135,2,17,288,173,115,1,0,0,0,0,0,0,0,0,0,0,0,0,0,0,0,1,0,0,0,0,0,0,0,1,0
1,7,9,18,28,1,0,28,22,28,373,286,87,1,14,329,193,136,3,0,0,0,0,0,0,0,0,0,0,0,0,0,0,0,0,1,0,0,0,0,0,0,1,0
1,1,0,20,4,0,0,32,27,22,436,313,123,0,15,398,370,28,0,1,0,0,0,0,0,0,0,0,0,0,0,0,0,0,0,0,0,0,0,0,0,0,1,0
0,1,1,20,18,1,0,20,24,18,286,237,49,3,19,367,310,57,3,0,1,0,0,0,0,0,0,0,0,0,0,0,0,0,0,0,0,0,0,0,0,0,1,0
0,1,2,20,26,0,0,24,27,22,373,246,127,2,16,287,201,86,0,0,0,1,0,0,0,0,0,0,0,0,0,0,0,0,0,0,0,0,0,0,0,0,1,0
1,2,2,20,5,1,0,34,27,24,336,160,176,0,31,491,414,77,2,0,0,0,1,0,0,0,0,0,0,0,0,0,0,0,0,0,0,0,0,0,1,0,0,0
1,3,2,20,19,0,0,31,6,17,265,181,84,1,9,128,61,67,3,0,0,0,0,1,0,0,0,0,0,0,0,0,0,0,0,0,0,0,0,0,0,0,1,0
0,3,3,20,21,1,0,20,38,19,400,292,108,3,26,447,325,122,2,0,0,0,0,0,1,0,0,0,0,0,0,0,0,0,0,0,0,0,0,0,0,0,1,0
0,3,4,20,30,1,0,10,37,16,283,168,115,4,23,402,213,189,1,0,0,0,0,0,0,1,0,0,0,0,0,0,0,0,0,0,0,0,0,0,0,0,1,0
1,4,4,20,3,1,0,31,13,21,371,153,218,1,16,253,155,98,1,0,0,0,0,0,0,0,1,0,0,0,0,0,0,0,0,0,0,0,0,0,0,0,1,0
1,5,4,20,10,0,0,22,14,26,373,227,146,0,10,164,102,62,1,0,0,0,0,0,0,0,0,1,0,0,0,0,0,0,0,0,0,0,0,0,0,0,1,0
0,5,5,20,7,0,0,10,17,21,255,174,81,1,19,298,224,74,0,0,0,0,0,0,0,0,0,0,0,1,0,0,0,0,0,0,0,0,0,0,0,0,1,0
0,5,6,20,2,0,0,9,17,23,344,238,106,5,14,348,174,174,2,0,0,0,0,0,0,0,0,0,0,0,1,0,0,0,0,0,0,0,0,0,0,0,1,0
0,5,7,20,23,1,0,31,37,23,386,294,92,1,26,409,351,58,1,0,0,0,0,0,0,0,0,0,0,0,0,1,0,0,0,0,0,0,0,0,0,0,1,0
1,6,7,20,31,0,0,23,17,27,418,300,118,1,11,255,182,73,0,0,0,0,0,0,0,0,0,0,0,0,0,0,1,0,0,0,0,0,0,0,0,0,0,1
1,7,7,20,4,1,0,37,27,27,415,258,157,1,19,352,251,101,1,0,0,0,0,0,0,0,0,0,0,0,0,0,0,1,0,0,0,0,0,0,0,0,1,0
1,8,7,20,30,0,0,17,9,23,431,313,118,0,16,311,257,54,1,0,0,0,0,0,0,0,0,0,0,0,0,0,0,0,1,0,0,0,0,0,0,0,1,0
1,9,7,20,31,1,0,34,17,25,400,279,121,0,19,397,275,122,2,0,0,0,0,0,0,0,0,0,0,0,0,0,0,0,0,1,0,0,0,0,0,0,1,0
0,9,8,20,2,0,0,9,17,20,282,162,120,0,16,382,318,64,0,0,0,0,0,0,0,0,0,0,0,0,0,0,0,0,0,0,1,0,0,0,0,0,1,0
0,0,1,23,6,0,0,10,59,12,200,179,21,3,31,643,378,265,0,1,0,0,0,0,0,0,0,0,0,0,0,0,0,0,0,0,0,0,0,0,0,0,1,0
0,0,2,23,7,0,0,0,43,11,184,142,42,4,27,379,255,124,1,0,1,0,0,0,0,0,0,0,0,0,0,0,0,0,0,0,0,0,0,0,0,0,1,0
0,0,3,23,30,1,0,6,31,17,283,211,72,1,28,476,241,235,1,0,0,1,0,0,0,0,0,0,0,0,0,0,0,0,0,0,0,0,0,0,0,0,1,0
0,0,4,23,11,0,0,10,30,13,233,161,72,1,24,390,311,79,0,0,0,0,1,0,0,0,0,0,0,0,0,0,0,0,0,0,0,0,0,0,0,0,1,0
0,0,5,23,4,0,0,16,17,21,271,187,84,2,13,311,166,145,0,0,0,0,0,0,1,0,0,0,0,0,0,0,0,0,0,0,0,0,0,0,0,0,1,0
0,0,6,23,3,1,0,21,31,24,381,272,109,2,17,305,188,117,0,0,0,0,0,0,0,1,0,0,0,0,0,0,0,0,0,0,0,0,0,0,0,0,1,0
0,0,7,23,15,1,0,14,27,16,230,170,60,4,21,394,236,158,1,0,0,0,0,0,0,0,1,0,0,0,0,0,0,0,0,0,0,0,0,0,0,0,0,1
1,1/7/2021,,23,19,0,0,26,18,22,316,266,50,0,17,321,238,83,1,0,0,0,0,0,0,0,0,1,0,0,0,0,0,0,0,0,0,0,0,0,0,0,1,0
1,2/7/2021,,23,24,1,0,16,12,13,229,159,70,2,19,300,191,109,3,0,0,0,0,0,0,0,0,0,1,0,0,0,0,0,0,0,0,0,0,0,0,0,1,0
0,2/8/2021,,23,3,0,0,20,37,19,303,280,23,1,22,424,256,168,0,0,0,0,0,0,0,0,0,0,0,1,0,0,0,0,0,0,0,0,0,0,0,0,1,0
0,2/9/2021,,23,22,1,0,24,41,22,284,192,92,2,30,467,320,147,1,0,0,0,0,0,0,0,0,0,0,0,1,0,0,0,0,0,0,0,0,0,0,0,1,0
1,3/9/2021,,23,20,0,0,37,31,26,409,351,58,1,23,386,294,92,1,0,0,0,0,0,0,0,0,0,0,0,0,1,0,0,0,0,0,0,0,0,0,0,1,0
0,3/10/2021,,23,19,1,0,21,22,22,362,240,122,1,22,374,262,112,1,0,0,0,0,0,0,0,0,0,0,0,0,0,1,0,0,0,0,0,0,0,0,0,1,0
0,3/11/2021,,23,31,1,0,20,36,22,384,262,122,1,24,412,274,138,3,0,0,0,0,0,0,0,0,0,0,0,0,0,0,1,0,0,0,0,0,0,0,0,1,0
1,4/11/2021,,23,27,0,0,38,35,29,502,406,96,1,25,430,371,59,1,0,0,0,0,0,0,0,0,0,0,0,0,0,0,0,1,0,0,0,0,0,0,0,1,0
1,5/11/2021,,23,7,1,0,27,24,26,389,326,63,0,18,352,217,135,2,0,0,0,0,0,0,0,0,0,0,0,0,0,0,0,0,1,0,0,0,0,0,0,1,0
1,1,0,30,31,0,0,35,17,23,494,405,89,0,25,470,319,151,2,1,0,0,0,0,0,0,0,0,0,0,0,0,0,0,0,0,0,0,0,0,0,0,1,0
1,2,0,30,4,1,0,31,21,25,474,261,213,1,19,255,208,47,0,0,1,0,0,0,0,0,0,0,0,0,0,0,0,0,0,0,0,0,0,0,0,0,1,0
1,3,0,30,23,0,0,31,6,28,476,241,235,1,17,283,211,72,1,0,0,1,0,0,0,0,0,0,0,0,0,0,0,0,0,0,0,0,0,0,0,0,1,0
0,3,1,30,12,1,0,10,12,15,257,212,45,3,18,266,149,117,1,0,0,0,1,0,0,0,0,0,0,0,0,0,0,0,0,0,0,0,0,0,0,0,1,0
0,3,2,30,5,0,0,24,34,32,563,441,122,3,24,335,215,120,0,0,0,0,0,1,0,0,0,0,0,0,0,0,0,0,0,0,0,0,0,0,0,0,1,0
0,3,3,30,19,1,0,22,24,26,399,270,129,0,20,382,326,56,1,0,0,0,0,0,1,0,0,0,0,0,0,0,0,0,0,0,0,0,0,0,0,0,1,0
1,4,3,30,20,0,0,37,10,23,402,213,189,1,16,283,168,115,4,0,0,0,0,0,0,1,0,0,0,0,0,0,0,0,0,0,0,0,0,0,0,0,1,0
1,5,3,30,31,1,0,37,18,24,429,257,172,2,20,271,171,100,3,0,0,0,0,0,0,0,0,1,0,0,0,0,0,0,0,0,0,0,0,0,0,0,0,1
0,5,4,30,21,0,0,24,28,24,443,393,50,1,27,364,211,153,0,0,0,0,0,0,0,0,0,0,1,0,0,0,0,0,0,0,0,0,0,0,0,0,1,0
1,6,4,30,26,1,0,35,27,26,509,434,75,1,19,312,191,121,0,0,0,0,0,0,0,0,0,0,0,1,0,0,0,0,0,0,0,0,0,0,0,0,1,0
0,6,5,30,7,1,0,9,13,16,321,212,109,1,17,282,181,101,0,0,0,0,0,0,0,0,0,0,0,0,1,0,0,0,0,0,0,0,0,0,0,0,1,0
0,6,6,30,3,0,0,15,26,32,426,323,103,2,22,356,232,124,0,0,0,0,0,0,0,0,0,0,0,0,0,1,0,0,0,0,0,0,0,0,1,0,0,0
0,6,7,30,10,1,0,24,31,22,408,326,82,0,24,382,231,151,2,0,0,0,0,0,0,0,0,0,0,0,0,0,1,0,0,0,0,0,0,0,1,0,0,0
1,7,7,30,14,0,0,44,21,25,475,212,263,0,23,289,267,22,1,0,0,0,0,0,0,0,0,0,0,0,0,0,0,1,0,0,0,0,0,0,0,0,1,0
0,7,8,30,20,1,0,9,17,16,311,257,54,1,23,431,313,118,0,0,0,0,0,0,0,0,0,0,0,0,0,0,0,0,1,0,0,0,0,0,0,0,1,0
1,8,8,30,4,0,0,47,16,22,517,294,223,1,13,271,183,88,2,0,0,0,0,0,0,0,0,0,0,0,0,0,0,0,0,1,0,0,0,0,0,0,1,0
0,0,1,24,11,1,0,24,30,22,376,173,203,0,25,435,310,125,2,1,0,0,0,0,0,0,0,0,0,0,0,0,0,0,0,0,0,0,0,0,0,0,1,0
1,1,1,24,16,1,0,19,17,21,288,121,167,2,18,243,119,124,0,0,1,0,0,0,0,0,0,0,0,0,0,0,0,0,0,0,0,0,0,0,0,0,1,0
1,2,1,24,18,0,0,27,24,29,379,300,79,0,25,397,304,93,1,0,0,1,0,0,0,0,0,0,0,0,0,0,0,0,0,0,0,0,0,0,0,0,1,0
0,2,2,24,9,0,0,24,31,22,346,265,81,2,21,377,189,188,1,0,0,0,1,0,0,0,0,0,0,0,0,0,0,0,0,0,0,0,0,0,0,0,1,0
1,3,2,24,1,1,0,19,13,25,331,151,180,1,18,324,288,36,1,0,0,0,0,1,0,0,0,0,0,0,0,0,0,0,0,0,0,0,0,0,0,0,1,0
1,4,2,24,17,0,0,30,23,23,383,321,62,1,21,391,291,100,2,0,0,0,0,0,0,1,0,0,0,0,0,0,0,0,0,0,0,0,0,0,0,0,1,0
1,5,2,24,32,0,0,15,13,19,318,191,127,1,21,279,166,113,0,0,0,0,0,0,0,0,1,0,0,0,0,0,0,0,0,0,0,0,0,0,0,0,1,0
0,5,3,24,15,1,0,24,26,22,328,189,139,3,17,273,183,90,2,0,0,0,0,0,0,0,0,1,0,0,0,0,0,0,0,0,0,0,0,0,0,0,1,0
0,5,4,24,23,0,0,12,16,19,300,191,109,3,13,229,159,70,2,0,0,0,0,0,0,0,0,0,1,0,0,0,0,0,0,0,0,0,0,0,0,0,1,0
1,6,4,24,8,0,0,33,13,23,389,125,264,2,15,308,279,29,1,0,0,0,0,0,0,0,0,0,0,1,0,0,0,0,0,0,0,0,0,0,0,0,1,0
0,6,5,24,17,1,0,17,20,19,296,121,175,0,16,396,297,99,1,0,0,0,0,0,0,0,0,0,0,0,1,0,0,0,0,0,0,0,0,0,1,0,0,0
0,6,6,24,16,0,0,17,31,22,391,309,82,3,15,292,138,154,2,0,0,0,0,0,0,0,0,0,0,0,0,1,0,0,0,0,0,0,0,0,0,0,1,0
0,6,7,24,28,1,0,35,38,16,309,243,66,1,29,542,467,75,4,0,0,0,0,0,0,0,0,0,0,0,0,0,1,0,0,0,0,0,0,0,0,0,1,0
0,6,8,24,12,1,0,7,34,16,205,159,46,0,27,424,307,117,0,0,0,0,0,0,0,0,0,0,0,0,0,0,0,1,0,0,0,0,0,0,0,0,0,1
1,7,8,24,25,0,0,38,6,25,324,106,218,0,19,286,199,87,3,0,0,0,0,0,0,0,0,0,0,0,0,0,0,0,1,0,0,0,0,0,0,0,1,0
0,7,9,24,8,1,0,20,38,17,275,143,132,2,23,353,286,67,1,0,0,0,0,0,0,0,0,0,0,0,0,0,0,0,0,1,0,0,0,0,0,0,1,0
1,1,0,11,24,0,0,30,24,25,435,310,125,2,22,376,173,203,0,1,0,0,0,0,0,0,0,0,0,0,0,0,0,0,0,0,0,0,0,0,0,0,1,0
0,1,1,11,26,1,0,10,13,21,424,287,137,2,19,339,245,94,2,0,1,0,0,0,0,0,0,0,0,0,0,0,0,0,0,0,0,0,0,0,0,0,1,0
0,1,2,11,17,0,0,20,27,22,366,293,73,1,20,376,337,39,1,0,0,1,0,0,0,0,0,0,0,0,0,0,0,0,0,0,0,0,0,0,0,0,1,0
1,2,2,11,23,1,0,30,10,24,390,311,79,0,13,233,161,72,1,0,0,0,1,0,0,0,0,0,0,0,0,0,0,0,0,0,0,0,0,0,0,0,1,0
0,2,3,11,32,0,0,13,20,19,246,211,35,3,15,350,159,191,2,0,0,0,0,1,0,0,0,0,0,0,0,0,0,0,0,0,0,0,0,0,0,0,1,0
0,2,4,11,15,0,0,17,24,23,348,316,32,3,18,256,132,124,1,0,0,0,0,0,1,0,0,0,0,0,0,0,0,0,0,0,0,0,0,0,0,0,1,0
0,2,5,11,16,1,0,20,23,24,365,326,39,1,22,403,306,97,1,0,0,0,0,0,0,1,0,0,0,0,0,0,0,0,0,0,0,0,0,0,0,0,1,0
1,3,5,11,10,1,0,17,16,11,231,195,36,1,26,388,226,162,2,0,0,0,0,0,0,0,1,0,0,0,0,0,0,0,0,0,0,0,0,0,0,0,1,0
1,4,5,11,5,0,0,26,11,24,442,283,159,0,13,184,139,45,0,0,0,0,0,0,0,0,0,1,0,0,0,0,0,0,0,0,0,0,0,0,0,0,1,0
0,4,6,11,9,1,0,24,26,26,315,169,146,3,18,278,200,78,0,0,0,0,0,0,0,0,0,0,1,0,0,0,0,0,0,0,0,0,0,0,1,0,0,0
0,4,7,11,1,0,0,17,24,23,438,345,93,4,18,310,180,130,1,0,0,0,0,0,0,0,0,0,0,1,0,0,0,0,0,0,0,0,0,0,0,0,0,1
0,4,8,11,32,1,0,20,23,17,359,244,115,2,13,218,134,84,1,0,0,0,0,0,0,0,0,0,0,0,0,1,0,0,0,0,0,0,0,0,0,0,1,0
1,5,8,11,8,1,0,45,10,27,525,330,195,0,15,252,164,88,0,0,0,0,0,0,0,0,0,0,0,0,0,0,1,0,0,0,0,0,0,0,0,0,1,0
0,5,9,11,21,0,0,10,39,17,345,283,62,7,18,344,207,137,1,0,0,0,0,0,0,0,0,0,0,0,0,0,0,1,0,0,0,0,0,0,0,0,1,0
0,5,10,11,9,0,0,17,24,21,284,265,19,0,19,366,267,99,0,0,0,0,0,0,0,0,0,0,0,0,0,0,0,0,1,0,0,0,0,0,0,0,1,0
0,5,11,11,1,1,0,21,31,25,366,258,108,2,16,336,174,162,1,0,0,0,0,0,0,0,0,0,0,0,0,0,0,0,0,1,0,0,0,0,0,0,1,0
0,0,0,13,26,0,0,27,27,21,387,275,112,1,23,477,361,116,2,1,0,0,0,0,0,0,0,0,0,0,0,0,0,0,0,0,0,0,0,0,0,0,1,0
0,0,1,13,6,1,0,17,23,15,349,329,20,0,26,440,258,182,0,0,1,0,0,0,0,0,0,0,0,0,0,0,0,0,0,0,0,0,0,0,0,0,1,0
0,0,2,13,25,0,0,20,38,21,248,127,121,2,21,413,240,173,1,0,0,1,0,0,0,0,0,0,0,0,0,0,0,0,0,0,0,0,0,0,0,0,1,0
0,0,3,13,2,0,0,10,27,20,321,206,115,1,21,340,225,115,0,0,0,0,1,0,0,0,0,0,0,0,0,0,0,0,0,0,0,0,0,0,0,0,1,0
1,1/3/2001,,13,27,1,0,26,23,26,514,248,266,0,21,370,262,108,0,0,0,0,0,1,0,0,0,0,0,0,0,0,0,0,0,0,0,0,0,0,0,0,1,0
1,2/3/2001,,13,18,0,0,34,33,24,442,340,102,0,31,444,341,103,0,0,0,0,0,0,1,0,0,0,0,0,0,0,0,0,0,0,0,0,0,0,0,0,1,0
1,3/3/2001,,13,31,1,0,27,21,18,245,89,156,0,21,263,156,107,3,0,0,0,0,0,0,1,0,0,0,0,0,0,0,0,0,0,0,0,0,0,0,0,1,0
0,3/4/2001,,13,12,1,0,9,31,10,237,197,40,0,28,510,373,137,1,0,0,0,0,0,0,0,1,0,0,0,0,0,0,0,0,0,0,0,0,0,0,0,1,0
0,3/5/2001,,13,29,0,0,25,28,19,357,204,153,0,21,411,310,101,0,0,0,0,0,0,0,0,0,1,0,0,0,0,0,0,0,0,0,0,0,0,1,0,0,0
0,3/6/2001,,13,28,1,0,27,30,20,417,342,75,2,26,457,339,118,3,0,0,0,0,0,0,0,0,0,1,0,0,0,0,0,0,0,0,0,0,0,0,0,1,0
0,3/7/2001,,13,29,1,0,26,36,21,266,131,135,2,26,442,408,34,2,0,0,0,0,0,0,0,0,0,0,1,0,0,0,0,0,0,0,0,0,0,0,0,1,0
0,3/8/2001,,13,14,0,0,7,34,13,198,124,74,1,27,549,417,132,0,0,0,0,0,0,0,0,0,0,0,0,0,1,0,0,0,0,0,0,0,0,0,0,1,0
0,3/9/2001,,13,15,0,0,17,23,17,236,165,71,3,20,275,135,140,2,0,0,0,0,0,0,0,0,0,0,0,0,0,1,0,0,0,0,0,0,0,0,0,1,0
1,4/9/2001,,13,22,0,0,38,24,26,445,219,226,1,25,393,241,152,2,0,0,0,0,0,0,0,0,0,0,0,0,0,0,1,0,0,0,0,0,0,0,0,1,0
1,5/9/2001,,13,2,1,0,27,13,21,412,159,253,0,13,224,133,91,1,0,0,0,0,0,0,0,0,0,0,0,0,0,0,0,1,0,0,0,0,0,0,0,1,0
0,5/10/2001,,13,14,1,0,24,31,22,393,322,71,5,25,424,311,113,0,0,0,0,0,0,0,0,0,0,0,0,0,0,0,0,0,1,0,0,0,0,0,0,1,0
1,1,0,1,8,1,0,40,26,24,491,378,113,0,18,428,347,81,2,1,0,0,0,0,0,0,0,0,0,0,0,0,0,0,0,0,0,0,0,0,0,0,1,0
1,2,0,1,9,1,0,28,10,24,467,436,31,1,19,307,178,129,2,0,1,0,0,0,0,0,0,0,0,0,0,0,0,0,0,0,0,0,0,0,0,0,1,0
1,3,0,1,6,0,0,33,28,27,503,363,140,0,29,452,249,203,0,0,0,1,0,0,0,0,0,0,0,0,0,0,0,0,0,0,0,0,0,0,0,0,1,0
1,4,0,1,26,1,0,34,30,29,438,315,123,3,29,447,261,186,2,0,0,0,1,0,0,0,0,0,0,0,0,0,0,0,0,0,0,0,0,0,0,0,1,0
0,4,1,1,24,0,0,13,19,18,324,288,36,1,25,331,151,180,1,0,0,0,0,1,0,0,0,0,0,0,0,0,0,0,0,0,0,0,0,0,0,0,1,0
0,4,2,1,17,0,0,24,31,20,309,256,53,2,35,472,280,192,3,0,0,0,0,0,1,0,0,0,0,0,0,0,0,0,0,0,0,0,0,0,0,0,1,0
1,5,2,1,32,1,0,30,6,14,271,191,80,0,15,205,134,71,1,0,0,0,0,0,0,1,0,0,0,0,0,0,0,0,0,0,0,0,0,0,1,0,0,0
0,5,3,1,5,0,0,24,31,21,337,249,88,1,21,374,256,118,0,0,0,0,0,0,0,0,1,0,0,0,0,0,0,0,0,0,0,0,0,0,0,0,1,0
1,6,3,1,21,0,0,26,23,17,377,230,147,1,17,308,212,96,0,0,0,0,0,0,0,0,0,1,0,0,0,0,0,0,0,0,0,0,0,0,0,0,1,0
0,6,4,1,16,1,0,32,35,28,530,433,97,1,19,371,146,225,1,0,0,0,0,0,0,0,0,0,1,0,0,0,0,0,0,0,0,0,0,0,0,0,1,0
1,7,4,1,11,1,0,24,17,18,310,180,130,1,23,438,345,93,4,0,0,0,0,0,0,0,0,0,0,1,0,0,0,0,0,0,0,0,0,0,0,0,0,1
1,8,4,1,9,0,0,40,9,22,259,163,96,0,19,332,210,122,3,0,0,0,0,0,0,0,0,0,0,0,0,1,0,0,0,0,0,0,0,0,0,0,1,0
1,9,4,1,7,1,0,23,16,20,346,271,75,2,17,278,184,94,1,0,0,0,0,0,0,0,0,0,0,0,0,0,1,0,0,0,0,0,0,0,0,0,1,0
1,10,4,1,32,0,0,23,3,27,419,327,92,1,15,251,199,52,1,0,0,0,0,0,0,0,0,0,0,0,0,0,0,1,0,0,0,0,0,0,0,0,1,0
1,11,4,1,10,1,0,26,3,25,350,244,106,0,18,234,133,101,0,0,0,0,0,0,0,0,0,0,0,0,0,0,0,0,1,0,0,0,0,0,0,0,1,0
1,12,4,1,11,0,0,31,21,16,336,174,162,1,25,366,258,108,2,0,0,0,0,0,0,0,0,0,0,0,0,0,0,0,0,1,0,0,0,0,0,0,1,0
1,13,4,1,17,0,0,51,31,29,434,316,118,1,23,442,348,94,1,0,0,0,0,0,0,0,0,0,0,0,0,0,0,0,0,0,0,1,0,0,0,0,1,0
1,14,4,1,16,0,0,35,24,27,404,292,112,0,20,295,210,85,0,0,0,0,0,0,0,0,0,0,0,0,0,0,0,0,0,0,0,0,1,0,0,0,1,0
1,15,4,1,29,1,0,31,20,26,397,268,129,2,21,351,210,141,2,0,0,0,0,0,0,0,0,0,0,0,0,0,0,0,0,0,0,0,0,0,0,0,1,0
0,0,1,28,29,0,0,17,31,21,295,174,121,4,17,256,158,98,2,1,0,0,0,0,0,0,0,0,0,0,0,0,0,0,0,0,0,0,0,0,0,0,1,0
1,1,1,28,25,1,0,20,14,16,289,189,100,0,20,352,313,39,1,0,1,0,0,0,0,0,0,0,0,0,0,0,0,0,0,0,0,0,0,0,1,0,0,0
0,1,2,28,31,0,0,31,32,24,499,355,144,1,17,384,312,72,2,0,0,1,0,0,0,0,0,0,0,0,0,0,0,0,0,0,0,0,0,0,0,0,1,0
1,2,2,28,14,1,0,55,40,27,464,376,88,1,36,518,490,28,4,0,0,0,1,0,0,0,0,0,0,0,0,0,0,0,0,0,0,0,0,0,0,0,1,0
0,2,3,28,12,1,0,24,31,19,252,158,94,0,25,457,345,112,1,0,0,0,0,1,0,0,0,0,0,0,0,0,0,0,0,0,0,0,0,0,0,0,1,0
0,2,4,28,25,0,0,26,37,23,407,365,42,7,17,268,209,59,1,0,0,0,0,0,1,0,0,0,0,0,0,0,0,0,0,0,0,0,0,0,0,0,1,0
0,2,5,28,16,1,0,23,27,23,389,283,106,4,16,246,174,72,1,0,0,0,0,0,0,0,1,0,0,0,0,0,0,0,0,0,0,0,0,0,0,0,1,0
0,2,6,28,2,1,0,34,40,29,418,319,99,1,31,492,347,145,1,0,0,0,0,0,0,0,0,1,0,0,0,0,0,0,0,0,0,0,0,0,0,0,1,0
1,3,6,28,13,0,0,30,27,26,457,339,118,3,20,417,342,75,2,0,0,0,0,0,0,0,0,0,1,0,0,0,0,0,0,0,0,0,0,0,0,0,1,0
0,3,7,28,12,0,0,17,34,21,334,298,36,4,21,328,219,109,0,0,0,0,0,0,0,0,0,0,0,1,0,0,0,0,0,0,0,0,0,0,0,0,1,0
1,4,7,28,18,1,0,35,22,20,446,313,133,2,22,337,280,57,2,0,0,0,0,0,0,0,0,0,0,0,1,0,0,0,0,0,0,0,0,0,0,0,1,0
1,5,7,28,8,1,0,28,11,19,315,241,74,1,14,242,193,49,4,0,0,0,0,0,0,0,0,0,0,0,0,1,0,0,0,0,0,0,0,0,0,0,1,0
1,6,7,28,24,0,0,38,35,29,542,467,75,4,16,309,243,66,1,0,0,0,0,0,0,0,0,0,0,0,0,0,1,0,0,0,0,0,0,0,0,0,1,0
1,7,7,28,26,1,0,38,17,23,495,446,49,1,16,295,250,45,3,0,0,0,0,0,0,0,0,0,0,0,0,0,0,1,0,0,0,0,0,0,0,0,1,0
0,7,8,28,17,0,0,20,23,19,435,329,106,5,15,229,161,68,2,0,0,0,0,0,0,0,0,0,0,0,0,0,0,0,1,0,0,0,0,0,0,1,0,0
0,7,9,28,18,0,0,22,28,14,329,193,136,3,28,373,286,87,1,0,0,0,0,0,0,0,0,0,0,0,0,0,0,0,0,1,0,0,0,0,0,0,1,0
0,0,1,22,16,0,0,13,43,19,346,244,102,3,21,339,216,123,0,1,0,0,0,0,0,0,0,0,0,0,0,0,0,0,0,0,0,0,0,0,0,0,1,0
1,1,1,22,19,1,0,23,3,16,375,305,70,1,13,262,169,93,1,0,1,0,0,0,0,0,0,0,0,0,0,0,0,0,0,0,0,0,0,0,0,0,0,1
0,1,2,22,14,0,0,13,20,18,270,175,95,1,20,344,254,90,3,0,0,1,0,0,0,0,0,0,0,0,0,0,0,0,0,0,0,0,0,0,0,0,1,0
1,2,2,22,6,1,0,40,25,22,530,337,193,1,24,395,222,173,3,0,0,0,1,0,0,0,0,0,0,0,0,0,0,0,0,0,0,0,0,0,0,0,1,0
0,2,3,22,29,1,0,3,31,9,180,78,102,4,22,446,171,275,0,0,0,0,0,1,0,0,0,0,0,0,0,0,0,0,0,0,0,0,0,0,0,0,0,1
0,2,4,22,2,0,0,28,32,21,406,249,157,4,29,454,284,170,1,0,0,0,0,0,1,0,0,0,0,0,0,0,0,0,0,0,0,0,0,0,0,0,1,0
0,2,5,22,7,1,0,13,27,15,310,151,159,3,19,318,239,79,0,0,0,0,0,0,0,0,1,0,0,0,0,0,0,0,0,0,0,0,0,0,0,0,1,0
0,2,6,22,32,1,0,19,24,21,351,261,90,0,13,302,175,127,1,0,0,0,0,0,0,0,0,1,0,0,0,0,0,0,0,0,0,0,0,0,0,0,1,0
1,3,6,22,3,0,0,19,16,24,368,221,147,0,20,344,260,84,0,0,0,0,0,0,0,0,0,0,1,0,0,0,0,0,0,0,0,0,0,0,0,0,1,0
1,4,6,22,15,0,0,21,7,17,293,189,104,0,18,236,178,58,4,0,0,0,0,0,0,0,0,0,0,1,0,0,0,0,0,0,0,0,0,0,1,0,0,0
1,5,6,22,23,0,0,41,24,30,467,320,147,1,22,284,192,92,2,0,0,0,0,0,0,0,0,0,0,0,1,0,0,0,0,0,0,0,0,0,0,0,1,0
0,5,7,22,15,1,0,13,20,19,279,173,106,2,18,323,199,124,1,0,0,0,0,0,0,0,0,0,0,0,0,1,0,0,0,0,0,0,0,0,0,0,1,0
1,6,7,22,27,0,0,27,19,17,333,187,146,2,27,451,272,179,1,0,0,0,0,0,0,0,0,0,0,0,0,0,1,0,0,0,0,0,0,0,0,0,1,0
0,6,8,22,13,1,0,24,38,25,393,241,152,2,26,445,219,226,1,0,0,0,0,0,0,0,0,0,0,0,0,0,0,1,0,0,0,0,0,0,0,0,1,0
0,6,9,22,6,0,0,15,31,17,241,184,57,1,31,481,238,243,1,0,0,0,0,0,0,0,0,0,0,0,0,0,0,0,1,0,0,0,0,0,0,0,1,0
0,6,10,22,27,1,0,23,33,15,313,239,74,3,22,361,182,179,1,0,0,0,0,0,0,0,0,0,0,0,0,0,0,0,0,1,0,0,0,0,0,0,1,0
0,0,1,32,9,1,0,16,24,18,344,249,95,0,19,357,259,98,0,1,0,0,0,0,0,0,0,0,0,0,0,0,0,0,0,0,0,0,0,0,0,0,0,1
0,0,2,32,10,0,0,14,16,27,372,282,90,1,18,273,120,153,0,0,1,0,0,0,0,0,0,0,0,0,0,0,0,0,0,0,0,0,0,0,0,0,1,0
0,0,3,32,5,1,0,16,27,20,310,161,149,3,16,312,235,77,0,0,0,1,0,0,0,0,0,0,0,0,0,0,0,0,0,0,0,0,0,0,0,0,1,0
0,0,4,32,8,0,0,24,26,19,371,303,68,1,25,455,186,269,0,0,0,0,1,0,0,0,0,0,0,0,0,0,0,0,0,0,0,0,0,0,0,0,1,0
1,1,4,32,11,1,0,20,13,15,350,159,191,2,19,246,211,35,3,0,0,0,0,1,0,0,0,0,0,0,0,0,0,0,0,0,0,0,0,0,0,0,1,0
1,2,4,32,16,0,0,16,0,11,270,167,103,1,12,204,165,39,3,0,0,0,0,0,1,0,0,0,0,0,0,0,0,0,0,0,0,0,0,0,0,0,1,0
0,2,5,32,1,0,0,6,30,15,205,134,71,1,14,271,191,80,0,0,0,0,0,0,0,1,0,0,0,0,0,0,0,0,0,0,0,0,0,0,1,0,0,0
0,2,6,32,24,1,0,13,15,21,279,166,113,0,19,318,191,127,1,0,0,0,0,0,0,0,1,0,0,0,0,0,0,0,0,0,0,0,0,0,0,0,1,0
1,3,6,32,22,0,0,24,19,13,302,175,127,1,21,351,261,90,0,0,0,0,0,0,0,0,0,1,0,0,0,0,0,0,0,0,0,0,0,0,0,0,1,0
0,3,7,32,21,1,0,23,27,20,394,270,124,1,19,321,284,37,2,0,0,0,0,0,0,0,0,0,0,1,0,0,0,0,0,0,0,0,0,0,0,0,1,0
0,3,8,32,3,1,0,3,20,9,134,49,85,1,22,424,180,244,1,0,0,0,0,0,0,0,0,0,0,0,1,0,0,0,0,0,0,0,0,0,0,0,1,0
1,4,8,32,11,0,0,23,20,13,218,134,84,1,17,359,244,115,2,0,0,0,0,0,0,0,0,0,0,0,0,1,0,0,0,0,0,0,0,0,0,0,1,0
1,5,8,32,17,1,0,38,24,22,391,301,90,1,26,414,280,134,3,0,0,0,0,0,0,0,0,0,0,0,0,0,1,0,0,0,0,0,0,0,0,0,1,0
0,5,9,32,1,1,0,3,23,15,251,199,52,1,27,419,327,92,1,0,0,0,0,0,0,0,0,0,0,0,0,0,0,1,0,0,0,0,0,0,0,0,1,0
1,6,9,32,26,0,0,27,17,25,348,198,150,0,13,191,95,96,0,0,0,0,0,0,0,0,0,0,0,0,0,0,0,0,1,0,0,0,0,0,0,0,1,0
1,7,9,32,9,0,0,16,15,16,238,168,70,1,18,477,380,97,1,0,0,0,0,0,0,0,0,0,0,0,0,0,0,0,0,1,0,0,0,0,0,0,1,0
1,1,0,3,19,1,0,17,16,23,370,242,128,4,17,223,155,68,1,1,0,0,0,0,0,0,0,0,0,0,0,0,0,0,0,0,0,0,0,0,0,0,1,0
1,2,0,3,31,1,0,28,14,24,388,237,151,0,21,370,241,129,2,0,1,0,0,0,0,0,0,0,0,0,0,0,0,0,0,0,0,0,0,0,0,0,1,0
1,3,0,3,27,0,0,21,17,25,416,241,175,2,17,306,240,66,4,0,0,1,0,0,0,0,0,0,0,0,0,0,0,0,0,0,0,0,0,0,0,0,1,0
0,3,1,3,7,0,0,10,16,23,375,240,135,4,11,224,150,74,1,0,0,0,1,0,0,0,0,0,0,0,0,0,0,0,0,0,0,0,0,0,0,0,1,0
1,4,1,3,16,1,0,14,7,18,313,204,109,1,14,252,150,102,0,0,0,0,0,1,0,0,0,0,0,0,0,0,0,0,0,0,0,0,0,0,0,0,1,0
1,5,1,3,23,0,0,31,21,17,305,188,117,0,24,381,272,109,2,0,0,0,0,0,0,1,0,0,0,0,0,0,0,0,0,0,0,0,0,0,0,0,1,0
0,5,2,3,20,0,0,13,31,16,253,155,98,1,21,371,153,218,1,0,0,0,0,0,0,0,1,0,0,0,0,0,0,0,0,0,0,0,0,0,0,0,1,0
1,6,2,3,4,0,0,24,9,18,268,146,122,0,12,243,116,127,0,0,0,0,0,0,0,0,0,1,0,0,0,0,0,0,0,0,0,0,0,0,0,0,1,0
0,6,3,3,22,1,0,16,19,20,344,260,84,0,24,368,221,147,0,0,0,0,0,0,0,0,0,0,1,0,0,0,0,0,0,0,0,0,0,0,0,0,1,0
1,7,3,3,23,1,0,37,20,22,424,256,168,0,19,303,280,23,1,0,0,0,0,0,0,0,0,0,0,1,0,0,0,0,0,0,0,0,0,0,0,0,1,0
1,8,3,3,32,0,0,20,3,22,424,180,244,1,9,134,49,85,1,0,0,0,0,0,0,0,0,0,0,0,1,0,0,0,0,0,0,0,0,0,0,0,1,0
1,9,3,3,30,1,0,26,15,22,356,232,124,0,32,426,323,103,2,0,0,0,0,0,0,0,0,0,0,0,0,1,0,0,0,0,0,0,0,0,1,0,0,0
0,9,4,3,6,0,0,17,24,16,209,105,104,1,18,257,139,118,1,0,0,0,0,0,0,0,0,0,0,0,0,0,1,0,0,0,0,0,0,0,0,0,1,0
1,10,4,3,15,1,0,17,10,17,261,131,130,2,15,229,178,51,5,0,0,0,0,0,0,0,0,0,0,0,0,0,0,1,0,0,0,0,0,0,0,0,1,0
0,10,5,3,7,1,0,17,24,14,268,176,92,0,23,414,271,143,1,0,0,0,0,0,0,0,0,0,0,0,0,0,0,0,1,0,0,0,0,0,0,1,0,0
0,10,6,3,19,0,0,6,13,17,309,236,73,3,18,271,185,86,1,0,0,0,0,0,0,0,0,0,0,0,0,0,0,0,0,1,0,0,0,0,0,0,1,0
0,10,7,3,17,1,0,19,22,24,425,253,172,1,19,360,219,141,1,0,0,0,0,0,0,0,0,0,0,0,0,0,0,0,0,0,1,0,0,0,0,1,0,0
0,0,1,27,2,1,0,20,21,22,429,395,34,3,12,232,160,72,1,1,0,0,0,0,0,0,0,0,0,0,0,0,0,0,0,0,0,0,0,0,0,0,1,0
0,0,2,27,29,0,0,17,41,14,316,291,25,1,27,571,312,259,1,0,1,0,0,0,0,0,0,0,0,0,0,0,0,0,0,0,0,0,0,0,0,0,1,0
0,0,3,27,3,1,0,17,21,17,306,240,66,4,25,416,241,175,2,0,0,1,0,0,0,0,0,0,0,0,0,0,0,0,0,0,0,0,0,0,0,0,1,0
0,0,4,27,15,1,0,3,27,16,175,102,73,2,20,326,260,66,1,0,0,0,1,0,0,0,0,0,0,0,0,0,0,0,0,0,0,0,0,0,0,0,0,1
0,0,5,27,13,0,0,23,26,21,370,262,108,0,26,514,248,266,0,0,0,0,0,1,0,0,0,0,0,0,0,0,0,0,0,0,0,0,0,0,0,0,1,0
0,0,6,27,6,1,0,17,23,18,250,217,33,1,26,497,228,269,1,0,0,0,0,0,1,0,0,0,0,0,0,0,0,0,0,0,0,0,0,0,0,0,1,0
0,0,7,27,8,0,0,17,27,21,291,258,33,4,22,460,244,216,0,0,0,0,0,0,0,1,0,0,0,0,0,0,0,0,0,0,0,0,0,0,0,0,1,0
0,0,8,27,14,1,0,10,24,24,401,297,104,0,19,470,372,98,0,0,0,0,0,0,0,0,1,0,0,0,0,0,0,0,0,0,0,0,0,0,0,0,1,0
0,0,9,27,6,0,0,13,49,21,307,150,157,3,20,379,243,136,1,0,0,0,0,0,0,0,0,0,1,0,0,0,0,0,0,0,0,0,0,0,0,0,1,0
0,0,10,27,9,1,0,10,17,16,246,73,173,2,20,386,273,113,2,0,0,0,0,0,0,0,0,0,0,1,0,0,0,0,0,0,0,0,0,0,0,0,1,0
0,0,11,27,15,0,0,10,16,11,244,158,86,2,16,338,179,159,1,0,0,0,0,0,0,0,0,0,0,0,1,0,0,0,0,0,0,0,0,0,0,0,1,0
1,1,11,27,19,0,0,22,6,18,277,233,44,0,15,271,209,62,0,0,0,0,0,0,0,0,0,0,0,0,0,1,0,0,0,0,0,0,0,0,0,0,1,0
0,1,12,27,22,1,0,19,27,27,451,272,179,1,17,333,187,146,2,0,0,0,0,0,0,0,0,0,0,0,0,0,1,0,0,0,0,0,0,0,0,0,1,0
0,1,13,27,7,0,0,13,34,19,315,151,164,5,19,291,116,175,0,0,0,0,0,0,0,0,0,0,0,0,0,0,0,1,0,0,0,0,0,0,0,0,1,0
0,1,14,27,23,1,0,35,38,25,430,371,59,1,29,502,406,96,1,0,0,0,0,0,0,0,0,0,0,0,0,0,0,0,1,0,0,0,0,0,0,0,1,0
1,2,14,27,22,0,0,33,23,22,361,182,179,1,15,313,239,74,3,0,0,0,0,0,0,0,0,0,0,0,0,0,0,0,0,1,0,0,0,0,0,0,1,0
0,0,1,10,5,0,0,3,10,16,254,208,46,1,13,213,166,47,0,1,0,0,0,0,0,0,0,0,0,0,0,0,0,0,0,0,0,0,0,0,1,0,0,0
1,1,1,10,32,1,0,16,14,18,273,120,153,0,27,372,282,90,1,0,1,0,0,0,0,0,0,0,0,0,0,0,0,0,0,0,0,0,0,0,0,0,1,0
1,2,1,10,4,1,0,31,15,21,298,208,90,1,25,356,287,69,5,0,0,1,0,0,0,0,0,0,0,0,0,0,0,0,0,0,0,0,0,0,0,0,0,1
1,3,1,10,21,0,0,16,6,17,269,197,72,0,15,222,182,40,2,0,0,0,1,0,0,0,0,0,0,0,0,0,0,0,0,0,0,0,0,0,0,0,1,0
0,3,2,10,9,1,0,21,24,15,236,194,42,2,25,398,229,169,2,0,0,0,0,1,0,0,0,0,0,0,0,0,0,0,0,0,0,0,0,0,0,0,1,0
0,3,3,10,12,0,0,25,36,16,252,235,17,2,24,424,273,151,0,0,0,0,0,0,0,1,0,0,0,0,0,0,0,0,0,0,0,0,0,0,0,0,1,0
0,3,4,10,11,0,0,16,17,26,388,226,162,2,11,231,195,36,1,0,0,0,0,0,0,0,1,0,0,0,0,0,0,0,0,0,0,0,0,0,0,0,1,0
0,3,5,10,20,1,0,14,22,10,164,102,62,1,26,373,227,146,0,0,0,0,0,0,0,0,0,1,0,0,0,0,0,0,0,0,0,0,0,0,0,0,1,0
1,4,5,10,26,0,0,20,13,13,226,145,81,0,21,357,259,98,1,0,0,0,0,0,0,0,0,0,1,0,0,0,0,0,0,0,0,0,0,0,0,0,1,0
0,4,6,10,14,1,0,7,17,17,267,193,74,1,13,283,173,110,2,0,0,0,0,0,0,0,0,0,0,1,0,0,0,0,0,0,0,0,0,0,0,0,1,0
1,5,6,10,31,0,0,19,14,20,335,270,65,2,14,243,134,109,1,0,0,0,0,0,0,0,0,0,0,0,1,0,0,0,0,0,0,0,0,0,0,0,1,0
1,6,6,10,26,1,0,24,20,22,419,331,88,1,19,364,259,105,1,0,0,0,0,0,0,0,0,0,0,0,0,1,0,0,0,0,0,0,0,0,1,0,0,0
1,7,6,10,30,0,0,31,24,24,382,231,151,2,22,408,326,82,0,0,0,0,0,0,0,0,0,0,0,0,0,0,1,0,0,0,0,0,0,0,1,0,0,0
0,7,7,10,5,1,0,13,21,20,415,319,96,3,12,292,192,100,0,0,0,0,0,0,0,0,0,0,0,0,0,0,0,1,0,0,0,0,0,0,0,0,1,0
0,7,8,10,1,0,0,3,26,18,234,133,101,0,25,350,244,106,0,0,0,0,0,0,0,0,0,0,0,0,0,0,0,0,1,0,0,0,0,0,0,0,1,0
1,8,8,10,21,1,0,21,19,24,337,179,158,1,14,300,126,174,3,0,0,0,0,0,0,0,0,0,0,0,0,0,0,0,0,1,0,0,0,0,0,0,1,0
